Workbook
Name list1: #REF!
Name list1: #REF!
Name list1: #REF!
Name list1: #REF!
Name list1: #REF!
Name list2: #REF!
Name list2: #REF!
Name list2: #REF!
Name list2: #REF!
Name list2: #REF!
Name list3: #REF!
Name list3: #REF!
Name list3: #REF!
Name list3: #REF!
Name list3: #REF!
Name list4: #REF!
Name list4: #REF!
Name list4: #REF!
Name list4: #REF!
Name list4: #REF!
Name list5: #REF!
Name list5: #REF!
Name list5: #REF!
Name list5: #REF!
Name list5: #REF!
Name list6: #REF!
Name list6: #REF!
Name list6: #REF!
Name list6: #REF!
Name list6: #REF!
Name list7: #REF!
Name list7: #REF!
Name list7: #REF!
Name list7: #REF!
Name list7: #REF!

Sheet Start
A2: Tư vấn tài chính | B2: Mã số tư vấn viên | C2: Số điện thoại | D2: Email
A3: Phạm Quang Hà | B3: 101012337 | C3: 0981984554 | D3: quangha1659@gmail.com
A4: Xác nhận Quyền sử dụng file: | C4: =IF(AND(A3="Phạm Quang Hà",B3="101012337"),"OK!","Đang dùng lậu, hãy mua file!") -> OK!
A5: Hãy làm việc chuyên nghiệp & tận tâm nhé! | C5: Video HDSD: | D5: https://youtu.be/Vc3PZKKPQNQ
A25: Bản quyền @Huy Trần MDRT | M: 09 8118 8866 | Email: huytranibo@gmail.com | www.huytranmdrt.com

Sheet Gioithieubanthan
R5: Link Canva ACE có thể sửa tại đây:
R7: https://www.canva.com/design/DAG2AGJB90c/cYj0FXOAxcazeTw6XLGZJA/view?utm_content=DAG2AGJB90c&utm_campaign=designshare&utm_medium=link&utm_source=publishsharelink&mode=preview
R11: Sau khi sửa xong lưu ảnh, xóa ảnh của Huy và copy paste ảnh của ACE vào, xóa tất cả những dòng bên này, lưu ảnh lại tại 1 folder sau này nhận các bản cập nhật thì copy paste ảnh lại.

Sheet Hoach dinh tai chinh
B2: KHẢO SÁT ƯU TIÊN TÀI CHÍNH HIỆN NAY
B3: Ngày chạy bảng minh họa (đang mặc định là hiện tại, có thể thay đổi để xem lại GTTK BMH cũ): | J3: =TODAY() -> 46229
B4: Họ và tên (gõ từng chữ không dấu vào từng ô): | D4: TRAN | E4: VAN | F4: HUY
B5: Ngày tháng năm sinh theo CCCD (tặng báo cáo thần số học): | J5: 34926
B6: Số điện thoại (Kết bạn Zalo gửi files): | J6: 0981188866
B7: Tuổi: | J7: =DATEDIF(J5,J3,"y") -> 30
B8: Chọn giới tính: | J8: Nam
B9: Nhu cầu tài chính nào quan trọng với anh chị hiện nay?
B10: Bảo vệ tài chính chu cấp cho người thân
B11: Tích lũy Quỹ học đại học cho con
B12: Tích lũy Quỹ hưu trí cho tương lai
B13: Đầu tư gia tăng tài sản
B14: Quỹ chăm sóc sức khỏe

Sheet Chitieu
B1: QUY TẮC 50/30/20 TRONG TÀI CHÍNH CÁ NHÂN của Elizabeth Warren & Amelia Warren Tyagi
B2: 50: Chi tối đa 50% thu nhập ròng cho các nhu cầu thiết yếu | F2: 30: Chi tối đa 30% thu nhập ròng cho các nhu cầu không thiết yếu | J2: 20: Dành tối thiểu 20% thu nhập ròng cho đầu tư và/hoặc trả nợ
B4: THU NHẬP RÒNG BÌNH QUÂN/THÁNG | D4: 70000000
B5: A. NHU CẦU THIẾT YẾU | F5: B. CÁC CHI PHÍ KHÁC (KHÔNG THIẾT YẾU) | J5: C. TIẾT KIỆM(ĐẦU TƯ)/ TRẢ NỢ | M5: =IF(D23+H13+L11>100%,"Đang chi tiêu nhiều hơn số kiếm ra kìa!, hãy kiểm tra lại!","Ô thế tiền đi đâu nhỉ? Sao tổng chi lại nhỏ hơn tổng thu?, hãy kiểm tra lại!") -> Ô thế tiền đi đâu nhỉ? Sao tổng chi lại nhỏ hơn tổng thu?, hãy kiểm tra lại!
B6: STT | C6: MỤC | D6: SỐ TIỀN/THÁNG | F6: STT | G6: MỤC | H6: SỐ TIỀN/THÁNG | J6: STT | K6: MỤC | L6: SỐ TIỀN/THÁNG
B7: 1 | C7: Thuê nhà/ Trả góp nhà | D7: 0 | F7: 1 | G7: Giao tế xã hội (ma chay hiếu hỉ) | H7: 5000000 | J7: 1 | K7: Trả nợ | L7: 2000000
B8: 2 | C8: Gas | F8: 2 | G8: Du lịch | H8: 2000000 | J8: 2 | K8: Tiết kiệm/đầu tư | L8: 3000000
B9: 3 | C9: Nước | F9: 3 | G9: Quần áo xa xỉ | H9: 3000000 | J9: 3 | K9: Khác
B10: 4 | C10: Điện | F10: 4 | G10: Các loại thuê bao (TV, Internet, Netflix…) | H10: 500000 | J10: TỔNG CỘNG | L10: =SUM(L7:L9) -> 5000000
B11: 5 | C11: Xăng dầu | F11: 5 | G11: Khác | J11: % TIẾT KIỆM(ĐẦU TƯ) HOẶC TRẢ NỢ/ THU NHẬP RÒNG | L11: =L10/D4 -> 0.071428571
B12: 6 | C12: Thuê bao điện thoại | F12: TỔNG CỘNG | H12: =SUM(H7:H11) -> 10500000
B13: 7 | C13: Bảo hiểm xe hơi | F13: % NHU CẦU KHÔNG THIẾT YẾU/ THU NHẬP RÒNG | H13: =H12/D4 -> 0.15
B14: 8 | C14: Bảo hiểm y tế
B15: 9 | C15: Bảo hiểm nhân thọ
B16: 10 | C16: Nhu yếu phẩm cần thiết | F16: TỔNG HỢP
B17: 11 | C17: Quần áo cần thiết
B18: 12 | C18: Giáo dục | F18: Nhu cầu | H18: Quy tắc | I18: Bạn đang phân bổ | M18: Nhận xét chung
B19: 13 | C19: Y tế
B20: 14 | C20: Phụng dưỡng cha mẹ | F20: Nhu cầu thiết yếu | H20: 0.5 | I20: =D23 -> 0 | M20: =IF(I20<=50%,"Bạn thật tuyệt!","Hãy rà soát lại chi tiêu xem có thể giảm chi phí cho mục nào không") -> Bạn thật tuyệt!
B21: 15 | C21: Khác (chỉ những chi phí bắt buộc) | D21: 0
B22: TỔNG CỘNG | D22: =IF((SUM(D7:D21)>D4),"Hãy tính lại!",(SUM(D7:D21))) -> 0 | F22: Nhu cầu không thiết yếu | H22: 0.3 | I22: =H13 -> 0.15 | M22: =IF(I22<=30%,"Bạn đang đi đúng hướng. Nhưng cũng đừng quá keo kiệt nhé. Hãy cho người thân hưởng nhiều hương vị cuộc đời nữa","Xa xỉ quá bạn ơi! Đừng bị hào nhoáng và cám dỗ làm khổ tương lai bạn") -> Bạn đang đi đúng hướng. Nhưng cũng đừng quá keo kiệt nhé. Hãy cho người thân hưởng nhiều hương vị cuộc đời nữa
B23: % NHU CẦU THIẾT YẾU/ THU NHẬP RÒNG | D23: =D22/D4 -> 0
B24: THU NHẬP KHẢ DỤNG | D24: =D4-D22 -> 70000000 | F24: Trả nợ/ tiết kiệm/ đầu tư | H24: 0.2 | I24: =L11 -> 0.071428571 | M24: =IF(I24<20%,"Coi chừng túng quẫn! Lúc không có tiền thật là bi ai!","Bạn biết nhìn xa trông rộng vì tương lai bản thân và gia đình.") -> Coi chừng túng quẫn! Lúc không có tiền thật là bi ai!
B25: DỰ ĐỊNH CHO MỤC TIÊU ƯU TIÊN MỖI THÁNG
B26: DỰ ĐỊNH CHO MỤC TIÊU ƯU TIÊN MỖI NĂM | D26: =D25*12 -> 0

Sheet Tinh phi QL
B1: CHU Ý! CHỈ NHẬP/ CHỌN THÔNG TIN Ô MÀU VÀNG
B2: Tư vấn tài chính: | C2: =Start!A3 -> Phạm Quang Hà | E2: Mã số tư vấn viên: | F2: =Start!B3 -> 101012337 | G2: Quyền sử dụng: | H2: =Start!C4 -> OK! | J2: Bản quyền thuộc về Huy Trần MDRT Liên hệ mua file: 09 8118 8866
B3: Tổng phí đóng năm đầu tiên dành cho cả gia đình | H3: =IFERROR(H26,0)+IFERROR(H65,0)+IFERROR(H84,0)+IFERROR(SUM(H33:I44),0)+IFERROR(H45,0) -> 16571000
B4: Tiết kiệm theo tháng | E4: =ROUND(H3/12,-3) -> 1381000 | F4: Tiết kiệm theo ngày | H4: =ROUND(H3/365,-3) -> 45000 | J4: =IF(H2="Đang dùng lậu!","Vui lòng không dùng lậu. Hãy mua và sử dụng để tôn trọng tác giả và chính mình",0) -> 0
A5: 2024 | B5: Bảng Tính Biểu Phí UL & SP đính kèm
B6: PHẦN 1. NGƯỜI ĐƯỢC BẢO HIỂM CHÍNH
B7: Họ và tên: | F7: =CONCATENATE('Hoach dinh tai chinh'!D4," ",'Hoach dinh tai chinh'!E4," ",'Hoach dinh tai chinh'!F4," ",'Hoach dinh tai chinh'!G4," ",'Hoach dinh tai chinh'!H4," ",'Hoach dinh tai chinh'!I4," ",'Hoach dinh tai chinh'!J4) -> TRAN VAN HUY
B8: Ngày tháng năm sinh: | F8: ='Hoach dinh tai chinh'!J5 -> 34926 | H8: Tuổi | I8: =DATEDIF(F8,NOW(),"y") -> 30
B9: Giới tính: | H9: ='Hoach dinh tai chinh'!J8 -> Nam
B10: Chọn loại nghề nghiệp: | H10: Loại: | I10: 2
B11: Tên Quyền lợi (Chọn 1 SPC) | D11: Chọn Thời hạn DP | E11: B1. Nhập STBH | F11: Số phí Min | G11: Số phí Max | H11: Số phí BH
B12: Khỏe Trọn Vẹn - Bền Vững | D12: 15 | E12: 0 | H12: =E12/1000*IF(B12=0,0,IF(B12=KTV!D1,INDEX(KTV!D3:E73,MATCH('Tinh phi QL'!I8,KTV!A3:A73,0),MATCH('Tinh phi QL'!H9,KTV!D2:E2,0)),IF(B12=KTV!F1,INDEX(KTV!F3:G73,MATCH('Tinh phi QL'!I8,KTV!A3:A73,),MATCH('Tinh phi QL'!H9,KTV!F2:G2,0)),IF(B12=KTV!B1,INDEX(KTV!B3:C73,MATCH('Tinh phi QL'!I8,KTV!A3:A73,0),MATCH('Tinh phi QL'!H9,KTV!B2:C2,0)),IF(B12=KTV!H1,INDEX(KTV!H3:I73,MATCH('Tinh phi QL'!I8,KTV!A3:A73,0),MATCH('Tinh phi QL'!H9,KTV!H2:I2,0))))))) -> 0 | J12: =IF(AND(B12="Khỏe trọn vẹn - tối ưu",D12>1),"Khỏe trọn vẹn tối ưu chỉ đóng phí 1 năm, hãy xem lại!",IF(AND(OR(E12<>0,H12<>0),H13<>0),"Chỉ chọn 1 SP chính, hãy xem lại xóa STBH 1 SPC",IF(AND(E12<>0,E12<2000000000,H12<30000000),"STBH min 2 tỷ hoặc phí SPC min 30 triệu, hãy xem lại!",0))) -> 0
B13: Khỏe Bình An | D13: 20 | E13: 1000000000 | F13: =IF(OR(B13="Khỏe Bình An",B13="Vững Tương Lai"),E13/VLOOKUP(I8,KBA!A1:C67,3,0),0) -> 8333333.3 | G13: =IF(OR(B13="Khỏe Bình An",B13="Vững Tương Lai"),E13/VLOOKUP(I8,KBA!A1:C67,2,0),0) -> 40000000 | H13: 10000000 | J13: =IF(B13=0,0,IF(AND(H12=0,OR(H13=0,G13=0)),"Chưa có số phí hoặc STBH, Khỏe Bình An hay Vững Tương Lai hãy nhập STBH trước!",IF(AND(H13<>0,OR(H13<F13,H13>G13)),"Nhập số phí trong dải Min,Max, hãy xem lại!"," ")))
B14: Bảo hiểm Tử vong và thương tật do tai nạn | G14: 500000000 | H14: =IF(I10=1,G14*3.37/1000,IF(I10=2,G14*4.54/1000,IF(I10=3,G14*8.37/1000,IF(I10=4,G14*12.16/1000,0)))) -> 2270000
B15: Bảo hiểm Hỗ trợ chi phí nằm viện | G15: 0 | H15: =IF(G15=0,0,IF(I8=0,0,VLOOKUP(I8,TCYT!A2:B60,2,0)*'Tinh phi QL'!G15/100)) -> 0 | J15: =IF(AND(G15<>0,I8=0),"Không bán cho 0T, hãy xem lại!"," ")
B16: Bảo hiểm Toàn diện Bệnh hiểm nghèo 2.0 | E16: Thời hạn BH max (năm) | F16: =85-I8 -> 55 | G16: 300000000 | H16: =G16/1000*IF(H9="Nam",VLOOKUP(I8,BHN!$A$2:$C$87,2,0),IF(H9="Nữ",VLOOKUP(I8,BHN!$A$2:$C$87,3,0))) -> 606000 | K16: =IF(G17="Cơ bản",1,IF(G17="nâng cao",2,IF(G17="toàn diện",3,IF(G17="hoàn hảo",4,0)))) -> 2
B17: Bảo hiểm chăm sóc sức khỏe Trọn đời - Nội Trú (Chọn phạm vi bảo lãnh) | F17: Việt Nam | G17: Nâng cao | H17: =IF(G17=0,0,IF(AND(G17<>0,F17="Việt Nam"),INDEX(TTD!$B$3:$E$102,MATCH('Tinh phi QL'!I8,TTD!$A$3:$A$102,0),MATCH('Tinh phi QL'!G17,TTD!$B$2:$E$2,0)),IF(AND(G17<>0,F17="Toàn cầu"),INDEX(TTD!$F$3:$I$102,MATCH('Tinh phi QL'!I8,TTD!$A$3:$A$102,0),MATCH('Tinh phi QL'!G17,TTD!$F$2:$I$2,0))))) -> 3695000 | J17: =IF(AND(MAX($H$13,H12)<10000000,OR(G17="Toàn diện",G17="hoàn hảo")),"Thẻ toàn diện/ hoàn hảo phí SPC tối thiểu 10 triệu, hãy xem lại!"," ") | K17: =IF(G18="Cơ bản",1,IF(G18="nâng cao",2,IF(G18="toàn diện",3,IF(G18="hoàn hảo",4,0)))) -> 0
B18: Hạn mức năm: Cơ bản: 150 triệu, Nâng cao: 350 triệu, Toàn diện: 700 triệu, Hoàn hảo: 1.2 tỷ | K18: =IF(G19="Cơ bản",1,IF(G19="nâng cao",2,IF(G19="toàn diện",3,IF(G19="hoàn hảo",4,0)))) -> 0
B19: Bảo hiểm chăm sóc sức khỏe Trọn đời - Ngoại Trú | G19: 0 | H19: =IF(G19=0,0,INDEX(TTD!$J$3:$M$102,MATCH('Tinh phi QL'!I8,TTD!$A$3:$A$102,0),MATCH('Tinh phi QL'!G19,TTD!$J$2:$M$2,0))) -> 0 | J19: =IF(K18>K16,"Thẻ ngoại trú ko dc cao hơn nội trú, hãy xem lại!", " ") | K19: =IF(G20="Cơ bản",1,IF(G20="nâng cao",2,IF(G20="toàn diện",3,IF(G20="hoàn hảo",4,0)))) -> 0
B20: Hạn mức năm: Cơ bản: 6 triệu, Nâng cao: 12 triệu, Toàn diện: 24 triệu, Hoàn hảo: 48 triệu | K20: =IF(G21="Cơ bản",1,IF(G21="nâng cao",2,IF(G21="toàn diện",3,IF(G21="hoàn hảo",4,0)))) -> 0
B21: Bảo hiểm chăm sóc sức khỏe Trọn đời - Nha khoa | G21: 0 | H21: =IF(G21=0,0,INDEX(TTD!$N$3:$Q$102,MATCH('Tinh phi QL'!I8,TTD!$A$3:$A$102,0),MATCH('Tinh phi QL'!G21,TTD!$N$2:$Q$2,0))) -> 0 | J21: =IF(K20>K16,"Thẻ nha khoa ko dc cao hơn nội trú, hãy xem lại!", " ") | K21: =IF(G22="Cơ bản",1,IF(G22="nâng cao",2,IF(G22="toàn diện",3,IF(G22="hoàn hảo",4,0)))) -> 0
B22: Hạn mức năm: Cơ bản: 1 triệu, Nâng cao: 2 triệu, Toàn diện: 5 triệu, Hoàn hảo: 10 triệu | K22: =IF(G23="Cơ bản",1,IF(G23="nâng cao",2,IF(G23="toàn diện",3,IF(G23="hoàn hảo",4,0)))) -> 0
B23: Bảo hiểm chăm sóc sức khỏe trọn đời - Thai sản | G23: =IF(OR(G17="Cơ Bản",G17="Nâng cao"),0,G17) -> 0 | K23: =IF(G24="Cơ bản",1,IF(G24="nâng cao",2,IF(G24="toàn diện",3,IF(G24="hoàn hảo",4,0)))) -> 0
B24: Toàn diện: 25 triệu, Hoàn hảo: 25 triệu, Năm 1: 50%, Năm 2: 80%, Năm 3: 100% | K24: =IF(G25="Cơ bản",1,IF(G25="nâng cao",2,IF(G25="toàn diện",3,IF(G25="hoàn hảo",4,0)))) -> 0
B25: Bảo hiểm tử kỳ gia hạn hàng năm | G25: 0 | H25: ='Tinh phi QL'!G25/1000*IF(H9="Nam",VLOOKUP(I8,Tuky!$A$2:$C$86,2,0),IF(H9="Nữ",VLOOKUP(I8,Tuky!$A$2:$C$86,3,0),0)) -> 0 | K25: =IF(G26="Cơ bản",1,IF(G26="nâng cao",2,IF(G26="toàn diện",3,IF(G26="hoàn hảo",4,0)))) -> 0
B26: Tổng phí đóng năm đầu tiên dành cho NĐBH chính | H26: =IF(H2="OK!",_xlfn.AGGREGATE(9,6,H12:I25),"Đang dùng lậu!") -> 16571000 | K26: =IF(G27="Cơ bản",1,IF(G27="nâng cao",2,IF(G27="toàn diện",3,IF(G27="hoàn hảo",4,0)))) -> 0
B27: PHẦN 2. NGƯỜI ĐƯỢC BẢO HIỂM ĐÍNH KÈM - 2.1. NĐBH ĐÍNH KÈM 1 | K27: =IF(G28="Cơ bản",1,IF(G28="nâng cao",2,IF(G28="toàn diện",3,IF(G28="hoàn hảo",4,0)))) -> 0
B28: Nhập họ và tên: | F28: Đỗ Thị X | K28: =IF(G29="Cơ bản",1,IF(G29="nâng cao",2,IF(G29="toàn diện",3,IF(G29="hoàn hảo",4,0)))) -> 0
B29: Nhập ngày tháng năm sinh: | F29: 45866 | H29: Tuổi | I29: =DATEDIF(F29,NOW(),"y") -> 0 | K29: =IF(G30="Cơ bản",1,IF(G30="nâng cao",2,IF(G30="toàn diện",3,IF(G30="hoàn hảo",4,0)))) -> 0
B30: Chọn giới tính: | H30: Nữ | K30: =IF(G31="Cơ bản",1,IF(G31="nâng cao",2,IF(G31="toàn diện",3,IF(G31="hoàn hảo",4,0)))) -> 0
B31: Chọn loại nghề nghiệp: | H31: Loại: | I31: 1 | K31: =IF(G32="Cơ bản",1,IF(G32="nâng cao",2,IF(G32="toàn diện",3,IF(G32="hoàn hảo",4,0)))) -> 0
B32: Tên Quyền lợi | F32: Số tiền bảo hiểm (đ) | H32: Phí đóng (đ) | K32: =IF(G33="Cơ bản",1,IF(G33="nâng cao",2,IF(G33="toàn diện",3,IF(G33="hoàn hảo",4,0)))) -> 0
B33: Bảo hiểm Tử vong và thương tật do tai nạn | H33: =IF(I31=1,G33*3.37/1000,IF(I31=2,G33*4.54/1000,IF(I31=3,G33*8.37/1000,IF(I31=4,G33*12.16/1000,0)))) -> 0 | K33: =IF(G34="Cơ bản",1,IF(G34="nâng cao",2,IF(G34="toàn diện",3,IF(G34="hoàn hảo",4,0)))) -> 0
B34: Bảo hiểm Hỗ trợ chi phí nằm viện | H34: =IF(G34=0,0,IF(I29=0,0,VLOOKUP(I29,TCYT!A2:B60,2,0)*'Tinh phi QL'!G34/100)) -> 0 | J34: =IF(AND(G34<>0,I29=0),"Không bán cho 0T, hãy xem lại!"," ") | K34: =IF(G35="Cơ bản",1,IF(G35="nâng cao",2,IF(G35="toàn diện",3,IF(G35="hoàn hảo",4,0)))) -> 0
B35: Bảo hiểm Toàn diện Bệnh hiểm nghèo 2.0 | E35: Thời hạn BH max (năm) | F35: =85-I28 -> 85 | H35: =G35/1000*IF(H30="Nam",VLOOKUP(I29,BHN!$A$2:$C$87,2,0),IF(H30="Nữ",VLOOKUP(I29,BHN!$A$2:$C$87,3,0))) -> 0 | K35: =IF(G36="Cơ bản",1,IF(G36="nâng cao",2,IF(G36="toàn diện",3,IF(G36="hoàn hảo",4,0)))) -> 0
B36: Bảo hiểm chăm sóc sức khỏe Trọn đời - Nội Trú (Chọn phạm vi bảo lãnh) | F36: Việt Nam | G36: 0 | H36: =IF(G36=0,0,IF(AND(G36<>0,F36="Việt Nam"),INDEX(TTD!$B$3:$E$102,MATCH('Tinh phi QL'!I29,TTD!$A$3:$A$102,0),MATCH('Tinh phi QL'!G36,TTD!$B$2:$E$2,0)),IF(AND(G36<>0,F36="Toàn cầu"),INDEX(TTD!$F$3:$I$102,MATCH('Tinh phi QL'!I29,TTD!$A$3:$A$102,0),MATCH('Tinh phi QL'!G36,TTD!$F$2:$I$2,0))))) -> 0 | J36: =IF(AND(MAX($H$13,H12)<10000000,OR(G36="Toàn diện",G36="hoàn hảo")),"Thẻ toàn diện/ hoàn hảo phí SPC tối thiểu 10 triệu, hãy xem lại!"," ") | K36: =IF(G37="Cơ bản",1,IF(G37="nâng cao",2,IF(G37="toàn diện",3,IF(G37="hoàn hảo",4,0)))) -> 0
B37: Hạn mức năm: Cơ bản: 150 triệu, Nâng cao: 350 triệu, Toàn diện: 700 triệu, Hoàn hảo: 1.2 tỷ | K37: =IF(G38="Cơ bản",1,IF(G38="nâng cao",2,IF(G38="toàn diện",3,IF(G38="hoàn hảo",4,0)))) -> 0
B38: Bảo hiểm chăm sóc sức khỏe Trọn đời - Ngoại Trú | H38: =IF(G38=0,0,INDEX(TTD!$J$3:$M$102,MATCH('Tinh phi QL'!I29,TTD!$A$3:$A$102,0),MATCH('Tinh phi QL'!G38,TTD!$J$2:$M$2,0))) -> 0 | J38: =IF(K37>K35,"Thẻ ngoại trú ko dc cao hơn nội trú, hãy xem lại!", " ") | K38: =IF(G39="Cơ bản",1,IF(G39="nâng cao",2,IF(G39="toàn diện",3,IF(G39="hoàn hảo",4,0)))) -> 0
B39: Hạn mức năm: Cơ bản: 6 triệu, Nâng cao: 12 triệu, Toàn diện: 24 triệu, Hoàn hảo: 48 triệu | K39: =IF(G40="Cơ bản",1,IF(G40="nâng cao",2,IF(G40="toàn diện",3,IF(G40="hoàn hảo",4,0)))) -> 0
B40: Bảo hiểm chăm sóc sức khỏe Trọn đời - Nha khoa | H40: =IF(G40=0,0,INDEX(TTD!$N$3:$Q$102,MATCH('Tinh phi QL'!I29,TTD!$A$3:$A$102,0),MATCH('Tinh phi QL'!G40,TTD!$N$2:$Q$2,0))) -> 0 | J40: =IF(K39>K35,"Thẻ nha khoa ko dc cao hơn nội trú, hãy xem lại!", " ") | K40: =IF(G41="Cơ bản",1,IF(G41="nâng cao",2,IF(G41="toàn diện",3,IF(G41="hoàn hảo",4,0)))) -> 0
B41: Hạn mức năm: Cơ bản: 1 triệu, Nâng cao: 2 triệu, Toàn diện: 5 triệu, Hoàn hảo: 10 triệu | K41: =IF(G42="Cơ bản",1,IF(G42="nâng cao",2,IF(G42="toàn diện",3,IF(G42="hoàn hảo",4,0)))) -> 0
B42: Bảo hiểm chăm sóc sức khỏe trọn đời - Thai sản | G42: =IF(OR(G36="Cơ Bản",G36="Nâng cao"),0,G36) -> 0 | K42: =IF(G43="Cơ bản",1,IF(G43="nâng cao",2,IF(G43="toàn diện",3,IF(G43="hoàn hảo",4,0)))) -> 0
B43: Toàn diện: 25 triệu, Hoàn hảo: 25 triệu, Năm 1: 50%, Năm 2: 80%, Năm 3: 100% | K43: =IF(G44="Cơ bản",1,IF(G44="nâng cao",2,IF(G44="toàn diện",3,IF(G44="hoàn hảo",4,0)))) -> 0
B44: Bảo hiểm tử kỳ gia hạn hàng năm | H44: ='Tinh phi QL'!G44/1000*IF(H30="Nam",VLOOKUP(I29,Tuky!$A$2:$C$86,2,0),IF(H30="Nữ",VLOOKUP(I29,Tuky!$A$2:$C$86,3,0),0)) -> 0 | K44: =IF(G45="Cơ bản",1,IF(G45="nâng cao",2,IF(G45="toàn diện",3,IF(G45="hoàn hảo",4,0)))) -> 0
B45: Bảo hiểm Miễn thu phí - phiên bản 3.0 | E45: =65-I29 -> 65 | F45: Không | G45: =IF(F45="Có",IFERROR(H26,0)+IFERROR(SUM(H33:I44),0)+IFERROR(H65,0)+IFERROR(H84,0),0) -> 0 | H45: =IF(F45="Không",0,ROUND(G45/1000*IF(H30="Nam",INDEX(MTPNam!B2:AR44,MATCH('Tinh phi QL'!I29,MTPNam!A2:A44,0),MATCH('Tinh phi QL'!E45,MTPNam!B1:AR1,0)),INDEX(MTPNu!B2:AR44,MATCH('Tinh phi QL'!I29,MTPNu!A2:A44,0),MATCH('Tinh phi QL'!E45,MTPNu!B1:AR1,0))),-3)) -> 0 | J45: =IF(AND(G45<>0,I29<18),"Không bán cho người dưới 18T, hãy xem lại!"," ") | K45: =IF(G46="Cơ bản",1,IF(G46="nâng cao",2,IF(G46="toàn diện",3,IF(G46="hoàn hảo",4,0)))) -> 0
B46: Tổng phí đóng năm đầu tiên dành cho NĐBH đính kèm 1 | H46: =_xlfn.AGGREGATE(9,6,H33:I45) -> 0 | K46: =IF(G47="Cơ bản",1,IF(G47="nâng cao",2,IF(G47="toàn diện",3,IF(G47="hoàn hảo",4,0)))) -> 0
B47: 2.2. NĐBH ĐÍNH KÈM 2 | J47: Vui lòng chú ý xem những cảnh báo bên dưới để điều chỉnh! | K47: =IF(G48="Cơ bản",1,IF(G48="nâng cao",2,IF(G48="toàn diện",3,IF(G48="hoàn hảo",4,0)))) -> 0
B48: Nhập họ và tên: | F48: Trần Huy A | K48: =IF(G49="Cơ bản",1,IF(G49="nâng cao",2,IF(G49="toàn diện",3,IF(G49="hoàn hảo",4,0)))) -> 0
B49: Nhập ngày tháng năm sinh: | F49: 42838 | H49: Tuổi | I49: =DATEDIF(F49,NOW(),"y") -> 9 | K49: =IF(G50="Cơ bản",1,IF(G50="nâng cao",2,IF(G50="toàn diện",3,IF(G50="hoàn hảo",4,0)))) -> 0
B50: Chọn giới tính: | H50: Nam | K50: =IF(G51="Cơ bản",1,IF(G51="nâng cao",2,IF(G51="toàn diện",3,IF(G51="hoàn hảo",4,0)))) -> 0
B51: Chọn loại nghề nghiệp: | H51: Loại: | I51: 1 | K51: =IF(G52="Cơ bản",1,IF(G52="nâng cao",2,IF(G52="toàn diện",3,IF(G52="hoàn hảo",4,0)))) -> 0
B52: Tên Quyền lợi | F52: Số tiền bảo hiểm (đ) | H52: Phí đóng (đ) | K52: =IF(G53="Cơ bản",1,IF(G53="nâng cao",2,IF(G53="toàn diện",3,IF(G53="hoàn hảo",4,0)))) -> 0
B53: Bảo hiểm Tử vong và thương tật do tai nạn | H53: =IF(I51=1,G53*3.37/1000,IF(I51=2,G53*4.54/1000,IF(I51=3,G53*8.37/1000,IF(I51=4,G53*12.16/1000,0)))) -> 0 | K53: =IF(G54="Cơ bản",1,IF(G54="nâng cao",2,IF(G54="toàn diện",3,IF(G54="hoàn hảo",4,0)))) -> 0
B54: Bảo hiểm Hỗ trợ chi phí nằm viện | H54: =IF(G54=0,0,IF(I49=0,0,VLOOKUP(I49,TCYT!A2:B60,2,0)*'Tinh phi QL'!G54/100)) -> 0 | J54: =IF(AND(G54<>0,I49=0),"Không bán cho 0T, hãy xem lại!"," ") | K54: =IF(G55="Cơ bản",1,IF(G55="nâng cao",2,IF(G55="toàn diện",3,IF(G55="hoàn hảo",4,0)))) -> 0
B55: Bảo hiểm Toàn diện Bệnh hiểm nghèo 2.0 | E55: Thời hạn BH max (năm) | F55: =85-I48 -> 85 | H55: =G55/1000*IF(H50="Nam",VLOOKUP(I49,BHN!$A$2:$C$87,2,0),IF(H50="Nữ",VLOOKUP(I49,BHN!$A$2:$C$87,3,0))) -> 0 | K55: =IF(G56="Cơ bản",1,IF(G56="nâng cao",2,IF(G56="toàn diện",3,IF(G56="hoàn hảo",4,0)))) -> 0
B56: Bảo hiểm chăm sóc sức khỏe Trọn đời - Nội Trú (Chọn phạm vi bảo lãnh) | F56: Việt Nam | H56: =IF(G56=0,0,IF(AND(G56<>0,F56="Việt Nam"),INDEX(TTD!$B$3:$E$102,MATCH('Tinh phi QL'!I49,TTD!$A$3:$A$102,0),MATCH('Tinh phi QL'!G56,TTD!$B$2:$E$2,0)),IF(AND(G56<>0,F56="Toàn cầu"),INDEX(TTD!$F$3:$I$102,MATCH('Tinh phi QL'!I49,TTD!$A$3:$A$102,0),MATCH('Tinh phi QL'!G56,TTD!$F$2:$I$2,0))))) -> 0 | J56: =IF(AND(MAX($H$13,H12)<10000000,OR(G56="Toàn diện",G56="hoàn hảo")),"Thẻ toàn diện/ hoàn hảo phí SPC tối thiểu 10 triệu, hãy xem lại!"," ") | K56: =IF(G57="Cơ bản",1,IF(G57="nâng cao",2,IF(G57="toàn diện",3,IF(G57="hoàn hảo",4,0)))) -> 0
B57: Hạn mức năm: Cơ bản: 150 triệu, Nâng cao: 350 triệu, Toàn diện: 700 triệu, Hoàn hảo: 1.2 tỷ | K57: =IF(G58="Cơ bản",1,IF(G58="nâng cao",2,IF(G58="toàn diện",3,IF(G58="hoàn hảo",4,0)))) -> 0
B58: Bảo hiểm chăm sóc sức khỏe Trọn đời - Ngoại Trú | H58: =IF(G58=0,0,INDEX(TTD!$J$3:$M$102,MATCH('Tinh phi QL'!I49,TTD!$A$3:$A$102,0),MATCH('Tinh phi QL'!G58,TTD!$J$2:$M$2,0))) -> 0 | J58: =IF(K57>K55,"Thẻ ngoại trú ko dc cao hơn nội trú, hãy xem lại!", " ") | K58: =IF(G59="Cơ bản",1,IF(G59="nâng cao",2,IF(G59="toàn diện",3,IF(G59="hoàn hảo",4,0)))) -> 0
B59: Hạn mức năm: Cơ bản: 6 triệu, Nâng cao: 12 triệu, Toàn diện: 24 triệu, Hoàn hảo: 48 triệu | K59: =IF(G60="Cơ bản",1,IF(G60="nâng cao",2,IF(G60="toàn diện",3,IF(G60="hoàn hảo",4,0)))) -> 0
B60: Bảo hiểm chăm sóc sức khỏe Trọn đời - Nha khoa | H60: =IF(G60=0,0,INDEX(TTD!$N$3:$Q$102,MATCH('Tinh phi QL'!I49,TTD!$A$3:$A$102,0),MATCH('Tinh phi QL'!G60,TTD!$N$2:$Q$2,0))) -> 0 | J60: =IF(K59>K55,"Thẻ nha khoa ko dc cao hơn nội trú, hãy xem lại!", " ") | K60: =IF(G61="Cơ bản",1,IF(G61="nâng cao",2,IF(G61="toàn diện",3,IF(G61="hoàn hảo",4,0)))) -> 0
B61: Hạn mức năm: Cơ bản: 1 triệu, Nâng cao: 2 triệu, Toàn diện: 5 triệu, Hoàn hảo: 10 triệu | K61: =IF(G62="Cơ bản",1,IF(G62="nâng cao",2,IF(G62="toàn diện",3,IF(G62="hoàn hảo",4,0)))) -> 0
B62: Bảo hiểm chăm sóc sức khỏe trọn đời - Thai sản | G62: =IF(OR(G56="Cơ Bản",G56="Nâng cao"),0,G56) -> 0 | K62: =IF(G63="Cơ bản",1,IF(G63="nâng cao",2,IF(G63="toàn diện",3,IF(G63="hoàn hảo",4,0)))) -> 0
B63: Toàn diện: 25 triệu, Hoàn hảo: 25 triệu, Năm 1: 50%, Năm 2: 80%, Năm 3: 100% | K63: =IF(G64="Cơ bản",1,IF(G64="nâng cao",2,IF(G64="toàn diện",3,IF(G64="hoàn hảo",4,0)))) -> 0
B64: Bảo hiểm tử kỳ gia hạn hàng năm | H64: ='Tinh phi QL'!G64/1000*IF(H50="Nam",VLOOKUP(I49,Tuky!$A$2:$C$86,2,0),IF(H50="Nữ",VLOOKUP(I49,Tuky!$A$2:$C$86,3,0),0)) -> 0 | K64: =IF(G65="Cơ bản",1,IF(G65="nâng cao",2,IF(G65="toàn diện",3,IF(G65="hoàn hảo",4,0)))) -> 0
B65: Tổng phí đóng năm đầu tiên dành cho NĐBH đính kèm 2 | H65: =_xlfn.AGGREGATE(9,6,H53:I64) -> 0 | K65: =IF(G66="Cơ bản",1,IF(G66="nâng cao",2,IF(G66="toàn diện",3,IF(G66="hoàn hảo",4,0)))) -> 0
B66: 2.3. NĐBH ĐÍNH KÈM 3 - TRẺ EM | J66: Vui lòng chú ý xem những cảnh báo bên dưới để điều chỉnh! | K66: =IF(G67="Cơ bản",1,IF(G67="nâng cao",2,IF(G67="toàn diện",3,IF(G67="hoàn hảo",4,0)))) -> 0
B67: Nhập họ và tên: | F67: Trần Huy B | K67: =IF(G68="Cơ bản",1,IF(G68="nâng cao",2,IF(G68="toàn diện",3,IF(G68="hoàn hảo",4,0)))) -> 0
B68: Nhập ngày tháng năm sinh: | F68: 44583 | H68: Tuổi | I68: =DATEDIF(F68,NOW(),"y") -> 4 | K68: =IF(G69="Cơ bản",1,IF(G69="nâng cao",2,IF(G69="toàn diện",3,IF(G69="hoàn hảo",4,0)))) -> 0
B69: Chọn giới tính: | H69: Nam | K69: =IF(G70="Cơ bản",1,IF(G70="nâng cao",2,IF(G70="toàn diện",3,IF(G70="hoàn hảo",4,0)))) -> 0
B70: Chọn loại nghề nghiệp: | H70: Loại: | I70: 1 | K70: =IF(G71="Cơ bản",1,IF(G71="nâng cao",2,IF(G71="toàn diện",3,IF(G71="hoàn hảo",4,0)))) -> 0
B71: Tên Quyền lợi | F71: Số tiền bảo hiểm (đ) | H71: Phí đóng (đ) | K71: =IF(G72="Cơ bản",1,IF(G72="nâng cao",2,IF(G72="toàn diện",3,IF(G72="hoàn hảo",4,0)))) -> 0
B72: Bảo hiểm Tử vong và thương tật do tai nạn | H72: =IF(I70=1,G72*3.37/1000,IF(I70=2,G72*4.54/1000,IF(I70=3,G72*8.37/1000,IF(I70=4,G72*12.16/1000,0)))) -> 0 | K72: =IF(G73="Cơ bản",1,IF(G73="nâng cao",2,IF(G73="toàn diện",3,IF(G73="hoàn hảo",4,0)))) -> 0
B73: Bảo hiểm Hỗ trợ chi phí nằm viện | H73: =IF(G73=0,0,IF(I68=0,0,VLOOKUP(I68,TCYT!A2:B60,2,0)*'Tinh phi QL'!G73/100)) -> 0 | J73: =IF(AND(G73<>0,I68=0),"Không bán cho 0T, hãy xem lại!"," ") | K73: =IF(G74="Cơ bản",1,IF(G74="nâng cao",2,IF(G74="toàn diện",3,IF(G74="hoàn hảo",4,0)))) -> 0
B74: Bảo hiểm Toàn diện Bệnh hiểm nghèo 2.0 | E74: Thời hạn BH max (năm) | F74: =85-I67 -> 85 | H74: =G74/1000*IF(H69="Nam",VLOOKUP(I68,BHN!$A$2:$C$87,2,0),IF(H69="Nữ",VLOOKUP(I68,BHN!$A$2:$C$87,3,0))) -> 0 | K74: =IF(G75="Cơ bản",1,IF(G75="nâng cao",2,IF(G75="toàn diện",3,IF(G75="hoàn hảo",4,0)))) -> 0
B75: Bảo hiểm chăm sóc sức khỏe Trọn đời - Nội Trú (Chọn phạm vi bảo lãnh) | F75: Việt Nam | H75: =IF(G75=0,0,IF(AND(G75<>0,F75="Việt Nam"),INDEX(TTD!$B$3:$E$102,MATCH('Tinh phi QL'!I68,TTD!$A$3:$A$102,0),MATCH('Tinh phi QL'!G75,TTD!$B$2:$E$2,0)),IF(AND(G75<>0,F75="Toàn cầu"),INDEX(TTD!$F$3:$I$102,MATCH('Tinh phi QL'!I68,TTD!$A$3:$A$102,0),MATCH('Tinh phi QL'!G75,TTD!$F$2:$I$2,0))))) -> 0 | J75: =IF(AND(MAX($H$13,H12)<10000000,OR(G75="Toàn diện",G75="hoàn hảo")),"Thẻ toàn diện/ hoàn hảo phí SPC tối thiểu 10 triệu, hãy xem lại!"," ") | K75: =IF(G76="Cơ bản",1,IF(G76="nâng cao",2,IF(G76="toàn diện",3,IF(G76="hoàn hảo",4,0)))) -> 0
B76: Hạn mức năm: Cơ bản: 150 triệu, Nâng cao: 350 triệu, Toàn diện: 700 triệu, Hoàn hảo: 1.2 tỷ | K76: =IF(G77="Cơ bản",1,IF(G77="nâng cao",2,IF(G77="toàn diện",3,IF(G77="hoàn hảo",4,0)))) -> 0
B77: Bảo hiểm chăm sóc sức khỏe Trọn đời - Ngoại Trú | H77: =IF(G77=0,0,INDEX(TTD!$J$3:$M$102,MATCH('Tinh phi QL'!I68,TTD!$A$3:$A$102,0),MATCH('Tinh phi QL'!G77,TTD!$J$2:$M$2,0))) -> 0 | J77: =IF(K76>K74,"Thẻ ngoại trú ko dc cao hơn nội trú, hãy xem lại!", " ") | K77: =IF(G78="Cơ bản",1,IF(G78="nâng cao",2,IF(G78="toàn diện",3,IF(G78="hoàn hảo",4,0)))) -> 0
B78: Hạn mức năm: Cơ bản: 6 triệu, Nâng cao: 12 triệu, Toàn diện: 24 triệu, Hoàn hảo: 48 triệu | K78: =IF(G79="Cơ bản",1,IF(G79="nâng cao",2,IF(G79="toàn diện",3,IF(G79="hoàn hảo",4,0)))) -> 0
B79: Bảo hiểm chăm sóc sức khỏe Trọn đời - Nha khoa | H79: =IF(G79=0,0,INDEX(TTD!$N$3:$Q$102,MATCH('Tinh phi QL'!I68,TTD!$A$3:$A$102,0),MATCH('Tinh phi QL'!G79,TTD!$N$2:$Q$2,0))) -> 0 | J79: =IF(K78>K74,"Thẻ nha khoa ko dc cao hơn nội trú, hãy xem lại!", " ") | K79: =IF(G80="Cơ bản",1,IF(G80="nâng cao",2,IF(G80="toàn diện",3,IF(G80="hoàn hảo",4,0)))) -> 0
B80: Hạn mức năm: Cơ bản: 1 triệu, Nâng cao: 2 triệu, Toàn diện: 5 triệu, Hoàn hảo: 10 triệu | K80: =IF(G81="Cơ bản",1,IF(G81="nâng cao",2,IF(G81="toàn diện",3,IF(G81="hoàn hảo",4,0)))) -> 0
B81: Bảo hiểm chăm sóc sức khỏe trọn đời - Thai sản | G81: =IF(OR(G75="Cơ Bản",G75="Nâng cao"),0,G75) -> 0 | K81: =IF(G82="Cơ bản",1,IF(G82="nâng cao",2,IF(G82="toàn diện",3,IF(G82="hoàn hảo",4,0)))) -> 0
B82: Toàn diện: 25 triệu, Hoàn hảo: 25 triệu, Năm 1: 50%, Năm 2: 80%, Năm 3: 100% | K82: =IF(G83="Cơ bản",1,IF(G83="nâng cao",2,IF(G83="toàn diện",3,IF(G83="hoàn hảo",4,0)))) -> 0
B83: Bảo hiểm tử kỳ gia hạn hàng năm | H83: ='Tinh phi QL'!G83/1000*IF(H69="Nam",VLOOKUP(I68,Tuky!$A$2:$C$86,2,0),IF(H69="Nữ",VLOOKUP(I68,Tuky!$A$2:$C$86,3,0),0)) -> 0 | K83: =IF(G84="Cơ bản",1,IF(G84="nâng cao",2,IF(G84="toàn diện",3,IF(G84="hoàn hảo",4,0)))) -> 0
B84: Tổng phí đóng năm đầu tiên dành cho NĐBH đính kèm 3 | H84: =_xlfn.AGGREGATE(9,6,H72:I83) -> 0 | K84: =IF(G85="Cơ bản",1,IF(G85="nâng cao",2,IF(G85="toàn diện",3,IF(G85="hoàn hảo",4,0)))) -> 0

Sheet Hoavon
B1: NĂM HÒA VỐN - VỊ TRÍ GIAO CẮT GIỮA ĐƯỜNG PHÍ SẢN PHẨM CHÍNH & ĐƯỜNG GIÁ TRỊ HOÀN LẠI
B2: Năm HĐ | C2: Năm đóng phí dự kiến | D2: Số phí sản phẩm chính lũy kế | E2: Giá trị hoàn lại LS cam kết | F2: Giá trị hoàn lại LS minh họa
B3: 1 | C3: =IF(AND('Tinh phi QL'!$H$13=0,'Tinh phi QL'!$H$12<>0),IF(ROW(A1)>'Tinh phi QL'!$D$12,"",ROW(A1)),IF(ROW(A1)>'Tinh phi QL'!$D$12,"",ROW(A1))) -> 1 | D3: =IF(IFERROR(--TRIM(C3),0)=0,0,IF(AND('Tinh phi QL'!$H$13=0,'Tinh phi QL'!$H$12<>0),'Tinh phi QL'!$H$12/1000,'Tinh phi QL'!$H$13/1000)) -> 10000 | E3: =IF(AND('Tinh phi QL'!$B$12="Khỏe trọn vẹn - Tối ưu",'Tinh phi QL'!$E$13=0),KTVTUGTTKcamket!M7,IF(AND('Tinh phi QL'!$B$12="Khỏe trọn vẹn - bền vững",'Tinh phi QL'!$E$13=0),KTVBVGTTKcamket!M7,IF(AND('Tinh phi QL'!$B$12="Khỏe trọn vẹn - trọn đời",'Tinh phi QL'!$E$13=0),KTVTRDGTTKcamket!M7,IF(AND('Tinh phi QL'!$B$12="Khỏe trọn vẹn - toàn diện",'Tinh phi QL'!$E$13=0),KTVTDGTTKcamket!M7,IF(AND('Tinh phi QL'!$H$12=0,'Tinh phi QL'!$B$13="Khỏe Bình An"),KBAGTTKcamket!M7,IF(AND('Tinh phi QL'!$H$12=0,'Tinh phi QL'!$B$13="Vững Tương Lai"),VTLGTTKcamket!M7,0)))))) -> 0 | F3: =IF(AND('Tinh phi QL'!$B$12="Khỏe trọn vẹn - Tối ưu",'Tinh phi QL'!$E$13=0),KTVTUGTTKMH!M7,IF(AND('Tinh phi QL'!$B$12="Khỏe trọn vẹn - bền vững",'Tinh phi QL'!$E$13=0),KTVBVGTTKMH!M7,IF(AND('Tinh phi QL'!$B$12="Khỏe trọn vẹn - trọn đời",'Tinh phi QL'!$E$13=0),KTVTRDGTTKMH!M7,IF(AND('Tinh phi QL'!$B$12="Khỏe trọn vẹn - toàn diện",'Tinh phi QL'!$E$13=0),KTVTDGTTKMH!M7,IF(AND('Tinh phi QL'!$H$12=0,'Tinh phi QL'!$B$13="Khỏe Bình An"),KBAGTTKMH!M7,IF(AND('Tinh phi QL'!$H$12=0,'Tinh phi QL'!$B$13="Vững Tương Lai"),VTLGTTKMH!M7,0)))))) -> 0
B4: 2 | C4: =IF(AND('Tinh phi QL'!$H$13=0,'Tinh phi QL'!$H$12<>0),IF(ROW(A2)>'Tinh phi QL'!$D$12,"",ROW(A2)),IF(ROW(A2)>'Tinh phi QL'!$D$12,"",ROW(A2))) -> 2 | D4: =MAX(IF(IFERROR(--TRIM(C4),0)=0,0,C4*IF(AND('Tinh phi QL'!$H$13=0,'Tinh phi QL'!$H$12<>0),'Tinh phi QL'!$H$12/1000,'Tinh phi QL'!$H$13/1000)),D3) -> 20000 | E4: =IF(AND('Tinh phi QL'!$B$12="Khỏe trọn vẹn - Tối ưu",'Tinh phi QL'!$E$13=0),KTVTUGTTKcamket!M8,IF(AND('Tinh phi QL'!$B$12="Khỏe trọn vẹn - bền vững",'Tinh phi QL'!$E$13=0),KTVBVGTTKcamket!M8,IF(AND('Tinh phi QL'!$B$12="Khỏe trọn vẹn - trọn đời",'Tinh phi QL'!$E$13=0),KTVTRDGTTKcamket!M8,IF(AND('Tinh phi QL'!$B$12="Khỏe trọn vẹn - toàn diện",'Tinh phi QL'!$E$13=0),KTVTDGTTKcamket!M8,IF(AND('Tinh phi QL'!$H$12=0,'Tinh phi QL'!$B$13="Khỏe Bình An"),KBAGTTKcamket!M8,IF(AND('Tinh phi QL'!$H$12=0,'Tinh phi QL'!$B$13="Vững Tương Lai"),VTLGTTKcamket!M8,0)))))) -> 0 | F4: =IF(AND('Tinh phi QL'!$B$12="Khỏe trọn vẹn - Tối ưu",'Tinh phi QL'!$E$13=0),KTVTUGTTKMH!M8,IF(AND('Tinh phi QL'!$B$12="Khỏe trọn vẹn - bền vững",'Tinh phi QL'!$E$13=0),KTVBVGTTKMH!M8,IF(AND('Tinh phi QL'!$B$12="Khỏe trọn vẹn - trọn đời",'Tinh phi QL'!$E$13=0),KTVTRDGTTKMH!M8,IF(AND('Tinh phi QL'!$B$12="Khỏe trọn vẹn - toàn diện",'Tinh phi QL'!$E$13=0),KTVTDGTTKMH!M8,IF(AND('Tinh phi QL'!$H$12=0,'Tinh phi QL'!$B$13="Khỏe Bình An"),KBAGTTKMH!M8,IF(AND('Tinh phi QL'!$H$12=0,'Tinh phi QL'!$B$13="Vững Tương Lai"),VTLGTTKMH!M8,0)))))) -> 0 | R4: =D2 -> Số phí sản phẩm chính lũy kế
B5: 3 | C5: =IF(AND('Tinh phi QL'!$H$13=0,'Tinh phi QL'!$H$12<>0),IF(ROW(A3)>'Tinh phi QL'!$D$12,"",ROW(A3)),IF(ROW(A3)>'Tinh phi QL'!$D$12,"",ROW(A3))) -> 3 | D5: =MAX(IF(IFERROR(--TRIM(C5),0)=0,0,C5*IF(AND('Tinh phi QL'!$H$13=0,'Tinh phi QL'!$H$12<>0),'Tinh phi QL'!$H$12/1000,'Tinh phi QL'!$H$13/1000)),D4) -> 30000 | E5: =IF(AND('Tinh phi QL'!$B$12="Khỏe trọn vẹn - Tối ưu",'Tinh phi QL'!$E$13=0),KTVTUGTTKcamket!M9,IF(AND('Tinh phi QL'!$B$12="Khỏe trọn vẹn - bền vững",'Tinh phi QL'!$E$13=0),KTVBVGTTKcamket!M9,IF(AND('Tinh phi QL'!$B$12="Khỏe trọn vẹn - trọn đời",'Tinh phi QL'!$E$13=0),KTVTRDGTTKcamket!M9,IF(AND('Tinh phi QL'!$B$12="Khỏe trọn vẹn - toàn diện",'Tinh phi QL'!$E$13=0),KTVTDGTTKcamket!M9,IF(AND('Tinh phi QL'!$H$12=0,'Tinh phi QL'!$B$13="Khỏe Bình An"),KBAGTTKcamket!M9,IF(AND('Tinh phi QL'!$H$12=0,'Tinh phi QL'!$B$13="Vững Tương Lai"),VTLGTTKcamket!M9,0)))))) -> 10424.154 | F5: =IF(AND('Tinh phi QL'!$B$12="Khỏe trọn vẹn - Tối ưu",'Tinh phi QL'!$E$13=0),KTVTUGTTKMH!M9,IF(AND('Tinh phi QL'!$B$12="Khỏe trọn vẹn - bền vững",'Tinh phi QL'!$E$13=0),KTVBVGTTKMH!M9,IF(AND('Tinh phi QL'!$B$12="Khỏe trọn vẹn - trọn đời",'Tinh phi QL'!$E$13=0),KTVTRDGTTKMH!M9,IF(AND('Tinh phi QL'!$B$12="Khỏe trọn vẹn - toàn diện",'Tinh phi QL'!$E$13=0),KTVTDGTTKMH!M9,IF(AND('Tinh phi QL'!$H$12=0,'Tinh phi QL'!$B$13="Khỏe Bình An"),KBAGTTKMH!M9,IF(AND('Tinh phi QL'!$H$12=0,'Tinh phi QL'!$B$13="Vững Tương Lai"),VTLGTTKMH!M9,0)))))) -> 10874.027 | R5: =E2 -> Giá trị hoàn lại LS cam kết
B6: 4 | C6: =IF(AND('Tinh phi QL'!$H$13=0,'Tinh phi QL'!$H$12<>0),IF(ROW(A4)>'Tinh phi QL'!$D$12,"",ROW(A4)),IF(ROW(A4)>'Tinh phi QL'!$D$12,"",ROW(A4))) -> 4 | D6: =MAX(IF(IFERROR(--TRIM(C6),0)=0,0,C6*IF(AND('Tinh phi QL'!$H$13=0,'Tinh phi QL'!$H$12<>0),'Tinh phi QL'!$H$12/1000,'Tinh phi QL'!$H$13/1000)),D5) -> 40000 | E6: =IF(AND('Tinh phi QL'!$B$12="Khỏe trọn vẹn - Tối ưu",'Tinh phi QL'!$E$13=0),KTVTUGTTKcamket!M10,IF(AND('Tinh phi QL'!$B$12="Khỏe trọn vẹn - bền vững",'Tinh phi QL'!$E$13=0),KTVBVGTTKcamket!M10,IF(AND('Tinh phi QL'!$B$12="Khỏe trọn vẹn - trọn đời",'Tinh phi QL'!$E$13=0),KTVTRDGTTKcamket!M10,IF(AND('Tinh phi QL'!$B$12="Khỏe trọn vẹn - toàn diện",'Tinh phi QL'!$E$13=0),KTVTDGTTKcamket!M10,IF(AND('Tinh phi QL'!$H$12=0,'Tinh phi QL'!$B$13="Khỏe Bình An"),KBAGTTKcamket!M10,IF(AND('Tinh phi QL'!$H$12=0,'Tinh phi QL'!$B$13="Vững Tương Lai"),VTLGTTKcamket!M10,0)))))) -> 18058.562 | F6: =IF(AND('Tinh phi QL'!$B$12="Khỏe trọn vẹn - Tối ưu",'Tinh phi QL'!$E$13=0),KTVTUGTTKMH!M10,IF(AND('Tinh phi QL'!$B$12="Khỏe trọn vẹn - bền vững",'Tinh phi QL'!$E$13=0),KTVBVGTTKMH!M10,IF(AND('Tinh phi QL'!$B$12="Khỏe trọn vẹn - trọn đời",'Tinh phi QL'!$E$13=0),KTVTRDGTTKMH!M10,IF(AND('Tinh phi QL'!$B$12="Khỏe trọn vẹn - toàn diện",'Tinh phi QL'!$E$13=0),KTVTDGTTKMH!M10,IF(AND('Tinh phi QL'!$H$12=0,'Tinh phi QL'!$B$13="Khỏe Bình An"),KBAGTTKMH!M10,IF(AND('Tinh phi QL'!$H$12=0,'Tinh phi QL'!$B$13="Vững Tương Lai"),VTLGTTKMH!M10,0)))))) -> 19094.635 | R6: =F2 -> Giá trị hoàn lại LS minh họa
B7: 5 | C7: =IF(AND('Tinh phi QL'!$H$13=0,'Tinh phi QL'!$H$12<>0),IF(ROW(A5)>'Tinh phi QL'!$D$12,"",ROW(A5)),IF(ROW(A5)>'Tinh phi QL'!$D$12,"",ROW(A5))) -> 5 | D7: =MAX(IF(IFERROR(--TRIM(C7),0)=0,0,C7*IF(AND('Tinh phi QL'!$H$13=0,'Tinh phi QL'!$H$12<>0),'Tinh phi QL'!$H$12/1000,'Tinh phi QL'!$H$13/1000)),D6) -> 50000 | E7: =IF(AND('Tinh phi QL'!$B$12="Khỏe trọn vẹn - Tối ưu",'Tinh phi QL'!$E$13=0),KTVTUGTTKcamket!M11,IF(AND('Tinh phi QL'!$B$12="Khỏe trọn vẹn - bền vững",'Tinh phi QL'!$E$13=0),KTVBVGTTKcamket!M11,IF(AND('Tinh phi QL'!$B$12="Khỏe trọn vẹn - trọn đời",'Tinh phi QL'!$E$13=0),KTVTRDGTTKcamket!M11,IF(AND('Tinh phi QL'!$B$12="Khỏe trọn vẹn - toàn diện",'Tinh phi QL'!$E$13=0),KTVTDGTTKcamket!M11,IF(AND('Tinh phi QL'!$H$12=0,'Tinh phi QL'!$B$13="Khỏe Bình An"),KBAGTTKcamket!M11,IF(AND('Tinh phi QL'!$H$12=0,'Tinh phi QL'!$B$13="Vững Tương Lai"),VTLGTTKcamket!M11,0)))))) -> 25390.684 | F7: =IF(AND('Tinh phi QL'!$B$12="Khỏe trọn vẹn - Tối ưu",'Tinh phi QL'!$E$13=0),KTVTUGTTKMH!M11,IF(AND('Tinh phi QL'!$B$12="Khỏe trọn vẹn - bền vững",'Tinh phi QL'!$E$13=0),KTVBVGTTKMH!M11,IF(AND('Tinh phi QL'!$B$12="Khỏe trọn vẹn - trọn đời",'Tinh phi QL'!$E$13=0),KTVTRDGTTKMH!M11,IF(AND('Tinh phi QL'!$B$12="Khỏe trọn vẹn - toàn diện",'Tinh phi QL'!$E$13=0),KTVTDGTTKMH!M11,IF(AND('Tinh phi QL'!$H$12=0,'Tinh phi QL'!$B$13="Khỏe Bình An"),KBAGTTKMH!M11,IF(AND('Tinh phi QL'!$H$12=0,'Tinh phi QL'!$B$13="Vững Tương Lai"),VTLGTTKMH!M11,0)))))) -> 27197.111
B8: 6 | C8: =IF(AND('Tinh phi QL'!$H$13=0,'Tinh phi QL'!$H$12<>0),IF(ROW(A6)>'Tinh phi QL'!$D$12,"",ROW(A6)),IF(ROW(A6)>'Tinh phi QL'!$D$12,"",ROW(A6))) -> 6 | D8: =MAX(IF(IFERROR(--TRIM(C8),0)=0,0,C8*IF(AND('Tinh phi QL'!$H$13=0,'Tinh phi QL'!$H$12<>0),'Tinh phi QL'!$H$12/1000,'Tinh phi QL'!$H$13/1000)),D7) -> 60000 | E8: =IF(AND('Tinh phi QL'!$B$12="Khỏe trọn vẹn - Tối ưu",'Tinh phi QL'!$E$13=0),KTVTUGTTKcamket!M12,IF(AND('Tinh phi QL'!$B$12="Khỏe trọn vẹn - bền vững",'Tinh phi QL'!$E$13=0),KTVBVGTTKcamket!M12,IF(AND('Tinh phi QL'!$B$12="Khỏe trọn vẹn - trọn đời",'Tinh phi QL'!$E$13=0),KTVTRDGTTKcamket!M12,IF(AND('Tinh phi QL'!$B$12="Khỏe trọn vẹn - toàn diện",'Tinh phi QL'!$E$13=0),KTVTDGTTKcamket!M12,IF(AND('Tinh phi QL'!$H$12=0,'Tinh phi QL'!$B$13="Khỏe Bình An"),KBAGTTKcamket!M12,IF(AND('Tinh phi QL'!$H$12=0,'Tinh phi QL'!$B$13="Vững Tương Lai"),VTLGTTKcamket!M12,0)))))) -> 35319.444 | F8: =IF(AND('Tinh phi QL'!$B$12="Khỏe trọn vẹn - Tối ưu",'Tinh phi QL'!$E$13=0),KTVTUGTTKMH!M12,IF(AND('Tinh phi QL'!$B$12="Khỏe trọn vẹn - bền vững",'Tinh phi QL'!$E$13=0),KTVBVGTTKMH!M12,IF(AND('Tinh phi QL'!$B$12="Khỏe trọn vẹn - trọn đời",'Tinh phi QL'!$E$13=0),KTVTRDGTTKMH!M12,IF(AND('Tinh phi QL'!$B$12="Khỏe trọn vẹn - toàn diện",'Tinh phi QL'!$E$13=0),KTVTDGTTKMH!M12,IF(AND('Tinh phi QL'!$H$12=0,'Tinh phi QL'!$B$13="Khỏe Bình An"),KBAGTTKMH!M12,IF(AND('Tinh phi QL'!$H$12=0,'Tinh phi QL'!$B$13="Vững Tương Lai"),VTLGTTKMH!M12,0)))))) -> 38321.025
B9: 7 | C9: =IF(AND('Tinh phi QL'!$H$13=0,'Tinh phi QL'!$H$12<>0),IF(ROW(A7)>'Tinh phi QL'!$D$12,"",ROW(A7)),IF(ROW(A7)>'Tinh phi QL'!$D$12,"",ROW(A7))) -> 7 | D9: =MAX(IF(IFERROR(--TRIM(C9),0)=0,0,C9*IF(AND('Tinh phi QL'!$H$13=0,'Tinh phi QL'!$H$12<>0),'Tinh phi QL'!$H$12/1000,'Tinh phi QL'!$H$13/1000)),D8) -> 70000 | E9: =IF(AND('Tinh phi QL'!$B$12="Khỏe trọn vẹn - Tối ưu",'Tinh phi QL'!$E$13=0),KTVTUGTTKcamket!M13,IF(AND('Tinh phi QL'!$B$12="Khỏe trọn vẹn - bền vững",'Tinh phi QL'!$E$13=0),KTVBVGTTKcamket!M13,IF(AND('Tinh phi QL'!$B$12="Khỏe trọn vẹn - trọn đời",'Tinh phi QL'!$E$13=0),KTVTRDGTTKcamket!M13,IF(AND('Tinh phi QL'!$B$12="Khỏe trọn vẹn - toàn diện",'Tinh phi QL'!$E$13=0),KTVTDGTTKcamket!M13,IF(AND('Tinh phi QL'!$H$12=0,'Tinh phi QL'!$B$13="Khỏe Bình An"),KBAGTTKcamket!M13,IF(AND('Tinh phi QL'!$H$12=0,'Tinh phi QL'!$B$13="Vững Tương Lai"),VTLGTTKcamket!M13,0)))))) -> 43141.491 | F9: =IF(AND('Tinh phi QL'!$B$12="Khỏe trọn vẹn - Tối ưu",'Tinh phi QL'!$E$13=0),KTVTUGTTKMH!M13,IF(AND('Tinh phi QL'!$B$12="Khỏe trọn vẹn - bền vững",'Tinh phi QL'!$E$13=0),KTVBVGTTKMH!M13,IF(AND('Tinh phi QL'!$B$12="Khỏe trọn vẹn - trọn đời",'Tinh phi QL'!$E$13=0),KTVTRDGTTKMH!M13,IF(AND('Tinh phi QL'!$B$12="Khỏe trọn vẹn - toàn diện",'Tinh phi QL'!$E$13=0),KTVTDGTTKMH!M13,IF(AND('Tinh phi QL'!$H$12=0,'Tinh phi QL'!$B$13="Khỏe Bình An"),KBAGTTKMH!M13,IF(AND('Tinh phi QL'!$H$12=0,'Tinh phi QL'!$B$13="Vững Tương Lai"),VTLGTTKMH!M13,0)))))) -> 47638.091
B10: 8 | C10: =IF(AND('Tinh phi QL'!$H$13=0,'Tinh phi QL'!$H$12<>0),IF(ROW(A8)>'Tinh phi QL'!$D$12,"",ROW(A8)),IF(ROW(A8)>'Tinh phi QL'!$D$12,"",ROW(A8))) -> 8 | D10: =MAX(IF(IFERROR(--TRIM(C10),0)=0,0,C10*IF(AND('Tinh phi QL'!$H$13=0,'Tinh phi QL'!$H$12<>0),'Tinh phi QL'!$H$12/1000,'Tinh phi QL'!$H$13/1000)),D9) -> 80000 | E10: =IF(AND('Tinh phi QL'!$B$12="Khỏe trọn vẹn - Tối ưu",'Tinh phi QL'!$E$13=0),KTVTUGTTKcamket!M14,IF(AND('Tinh phi QL'!$B$12="Khỏe trọn vẹn - bền vững",'Tinh phi QL'!$E$13=0),KTVBVGTTKcamket!M14,IF(AND('Tinh phi QL'!$B$12="Khỏe trọn vẹn - trọn đời",'Tinh phi QL'!$E$13=0),KTVTRDGTTKcamket!M14,IF(AND('Tinh phi QL'!$B$12="Khỏe trọn vẹn - toàn diện",'Tinh phi QL'!$E$13=0),KTVTDGTTKcamket!M14,IF(AND('Tinh phi QL'!$H$12=0,'Tinh phi QL'!$B$13="Khỏe Bình An"),KBAGTTKcamket!M14,IF(AND('Tinh phi QL'!$H$12=0,'Tinh phi QL'!$B$13="Vững Tương Lai"),VTLGTTKcamket!M14,0)))))) -> 50823.851 | F10: =IF(AND('Tinh phi QL'!$B$12="Khỏe trọn vẹn - Tối ưu",'Tinh phi QL'!$E$13=0),KTVTUGTTKMH!M14,IF(AND('Tinh phi QL'!$B$12="Khỏe trọn vẹn - bền vững",'Tinh phi QL'!$E$13=0),KTVBVGTTKMH!M14,IF(AND('Tinh phi QL'!$B$12="Khỏe trọn vẹn - trọn đời",'Tinh phi QL'!$E$13=0),KTVTRDGTTKMH!M14,IF(AND('Tinh phi QL'!$B$12="Khỏe trọn vẹn - toàn diện",'Tinh phi QL'!$E$13=0),KTVTDGTTKMH!M14,IF(AND('Tinh phi QL'!$H$12=0,'Tinh phi QL'!$B$13="Khỏe Bình An"),KBAGTTKMH!M14,IF(AND('Tinh phi QL'!$H$12=0,'Tinh phi QL'!$B$13="Vững Tương Lai"),VTLGTTKMH!M14,0)))))) -> 57126.335
B11: 9 | C11: =IF(AND('Tinh phi QL'!$H$13=0,'Tinh phi QL'!$H$12<>0),IF(ROW(A9)>'Tinh phi QL'!$D$12,"",ROW(A9)),IF(ROW(A9)>'Tinh phi QL'!$D$12,"",ROW(A9))) -> 9 | D11: =MAX(IF(IFERROR(--TRIM(C11),0)=0,0,C11*IF(AND('Tinh phi QL'!$H$13=0,'Tinh phi QL'!$H$12<>0),'Tinh phi QL'!$H$12/1000,'Tinh phi QL'!$H$13/1000)),D10) -> 90000 | E11: =IF(AND('Tinh phi QL'!$B$12="Khỏe trọn vẹn - Tối ưu",'Tinh phi QL'!$E$13=0),KTVTUGTTKcamket!M15,IF(AND('Tinh phi QL'!$B$12="Khỏe trọn vẹn - bền vững",'Tinh phi QL'!$E$13=0),KTVBVGTTKcamket!M15,IF(AND('Tinh phi QL'!$B$12="Khỏe trọn vẹn - trọn đời",'Tinh phi QL'!$E$13=0),KTVTRDGTTKcamket!M15,IF(AND('Tinh phi QL'!$B$12="Khỏe trọn vẹn - toàn diện",'Tinh phi QL'!$E$13=0),KTVTDGTTKcamket!M15,IF(AND('Tinh phi QL'!$H$12=0,'Tinh phi QL'!$B$13="Khỏe Bình An"),KBAGTTKcamket!M15,IF(AND('Tinh phi QL'!$H$12=0,'Tinh phi QL'!$B$13="Vững Tương Lai"),VTLGTTKcamket!M15,0)))))) -> 58270.601 | F11: =IF(AND('Tinh phi QL'!$B$12="Khỏe trọn vẹn - Tối ưu",'Tinh phi QL'!$E$13=0),KTVTUGTTKMH!M15,IF(AND('Tinh phi QL'!$B$12="Khỏe trọn vẹn - bền vững",'Tinh phi QL'!$E$13=0),KTVBVGTTKMH!M15,IF(AND('Tinh phi QL'!$B$12="Khỏe trọn vẹn - trọn đời",'Tinh phi QL'!$E$13=0),KTVTRDGTTKMH!M15,IF(AND('Tinh phi QL'!$B$12="Khỏe trọn vẹn - toàn diện",'Tinh phi QL'!$E$13=0),KTVTDGTTKMH!M15,IF(AND('Tinh phi QL'!$H$12=0,'Tinh phi QL'!$B$13="Khỏe Bình An"),KBAGTTKMH!M15,IF(AND('Tinh phi QL'!$H$12=0,'Tinh phi QL'!$B$13="Vững Tương Lai"),VTLGTTKMH!M15,0)))))) -> 66699.982
B12: 10 | C12: =IF(AND('Tinh phi QL'!$H$13=0,'Tinh phi QL'!$H$12<>0),IF(ROW(A10)>'Tinh phi QL'!$D$12,"",ROW(A10)),IF(ROW(A10)>'Tinh phi QL'!$D$12,"",ROW(A10))) -> 10 | D12: =MAX(IF(IFERROR(--TRIM(C12),0)=0,0,C12*IF(AND('Tinh phi QL'!$H$13=0,'Tinh phi QL'!$H$12<>0),'Tinh phi QL'!$H$12/1000,'Tinh phi QL'!$H$13/1000)),D11) -> 100000 | E12: =IF(AND('Tinh phi QL'!$B$12="Khỏe trọn vẹn - Tối ưu",'Tinh phi QL'!$E$13=0),KTVTUGTTKcamket!M16,IF(AND('Tinh phi QL'!$B$12="Khỏe trọn vẹn - bền vững",'Tinh phi QL'!$E$13=0),KTVBVGTTKcamket!M16,IF(AND('Tinh phi QL'!$B$12="Khỏe trọn vẹn - trọn đời",'Tinh phi QL'!$E$13=0),KTVTRDGTTKcamket!M16,IF(AND('Tinh phi QL'!$B$12="Khỏe trọn vẹn - toàn diện",'Tinh phi QL'!$E$13=0),KTVTDGTTKcamket!M16,IF(AND('Tinh phi QL'!$H$12=0,'Tinh phi QL'!$B$13="Khỏe Bình An"),KBAGTTKcamket!M16,IF(AND('Tinh phi QL'!$H$12=0,'Tinh phi QL'!$B$13="Vững Tương Lai"),VTLGTTKcamket!M16,0)))))) -> 65430.624 | F12: =IF(AND('Tinh phi QL'!$B$12="Khỏe trọn vẹn - Tối ưu",'Tinh phi QL'!$E$13=0),KTVTUGTTKMH!M16,IF(AND('Tinh phi QL'!$B$12="Khỏe trọn vẹn - bền vững",'Tinh phi QL'!$E$13=0),KTVBVGTTKMH!M16,IF(AND('Tinh phi QL'!$B$12="Khỏe trọn vẹn - trọn đời",'Tinh phi QL'!$E$13=0),KTVTRDGTTKMH!M16,IF(AND('Tinh phi QL'!$B$12="Khỏe trọn vẹn - toàn diện",'Tinh phi QL'!$E$13=0),KTVTDGTTKMH!M16,IF(AND('Tinh phi QL'!$H$12=0,'Tinh phi QL'!$B$13="Khỏe Bình An"),KBAGTTKMH!M16,IF(AND('Tinh phi QL'!$H$12=0,'Tinh phi QL'!$B$13="Vững Tương Lai"),VTLGTTKMH!M16,0)))))) -> 76315.273
B13: 11 | C13: =IF(AND('Tinh phi QL'!$H$13=0,'Tinh phi QL'!$H$12<>0),IF(ROW(A11)>'Tinh phi QL'!$D$12,"",ROW(A11)),IF(ROW(A11)>'Tinh phi QL'!$D$12,"",ROW(A11))) -> 11 | D13: =MAX(IF(IFERROR(--TRIM(C13),0)=0,0,C13*IF(AND('Tinh phi QL'!$H$13=0,'Tinh phi QL'!$H$12<>0),'Tinh phi QL'!$H$12/1000,'Tinh phi QL'!$H$13/1000)),D12) -> 110000 | E13: =IF(AND('Tinh phi QL'!$B$12="Khỏe trọn vẹn - Tối ưu",'Tinh phi QL'!$E$13=0),KTVTUGTTKcamket!M17,IF(AND('Tinh phi QL'!$B$12="Khỏe trọn vẹn - bền vững",'Tinh phi QL'!$E$13=0),KTVBVGTTKcamket!M17,IF(AND('Tinh phi QL'!$B$12="Khỏe trọn vẹn - trọn đời",'Tinh phi QL'!$E$13=0),KTVTRDGTTKcamket!M17,IF(AND('Tinh phi QL'!$B$12="Khỏe trọn vẹn - toàn diện",'Tinh phi QL'!$E$13=0),KTVTDGTTKcamket!M17,IF(AND('Tinh phi QL'!$H$12=0,'Tinh phi QL'!$B$13="Khỏe Bình An"),KBAGTTKcamket!M17,IF(AND('Tinh phi QL'!$H$12=0,'Tinh phi QL'!$B$13="Vững Tương Lai"),VTLGTTKcamket!M17,0)))))) -> 72147.562 | F13: =IF(AND('Tinh phi QL'!$B$12="Khỏe trọn vẹn - Tối ưu",'Tinh phi QL'!$E$13=0),KTVTUGTTKMH!M17,IF(AND('Tinh phi QL'!$B$12="Khỏe trọn vẹn - bền vững",'Tinh phi QL'!$E$13=0),KTVBVGTTKMH!M17,IF(AND('Tinh phi QL'!$B$12="Khỏe trọn vẹn - trọn đời",'Tinh phi QL'!$E$13=0),KTVTRDGTTKMH!M17,IF(AND('Tinh phi QL'!$B$12="Khỏe trọn vẹn - toàn diện",'Tinh phi QL'!$E$13=0),KTVTDGTTKMH!M17,IF(AND('Tinh phi QL'!$H$12=0,'Tinh phi QL'!$B$13="Khỏe Bình An"),KBAGTTKMH!M17,IF(AND('Tinh phi QL'!$H$12=0,'Tinh phi QL'!$B$13="Vững Tương Lai"),VTLGTTKMH!M17,0)))))) -> 86196.831
B14: 12 | C14: =IF(AND('Tinh phi QL'!$H$13=0,'Tinh phi QL'!$H$12<>0),IF(ROW(A12)>'Tinh phi QL'!$D$12,"",ROW(A12)),IF(ROW(A12)>'Tinh phi QL'!$D$12,"",ROW(A12))) -> 12 | D14: =MAX(IF(IFERROR(--TRIM(C14),0)=0,0,C14*IF(AND('Tinh phi QL'!$H$13=0,'Tinh phi QL'!$H$12<>0),'Tinh phi QL'!$H$12/1000,'Tinh phi QL'!$H$13/1000)),D13) -> 120000 | E14: =IF(AND('Tinh phi QL'!$B$12="Khỏe trọn vẹn - Tối ưu",'Tinh phi QL'!$E$13=0),KTVTUGTTKcamket!M18,IF(AND('Tinh phi QL'!$B$12="Khỏe trọn vẹn - bền vững",'Tinh phi QL'!$E$13=0),KTVBVGTTKcamket!M18,IF(AND('Tinh phi QL'!$B$12="Khỏe trọn vẹn - trọn đời",'Tinh phi QL'!$E$13=0),KTVTRDGTTKcamket!M18,IF(AND('Tinh phi QL'!$B$12="Khỏe trọn vẹn - toàn diện",'Tinh phi QL'!$E$13=0),KTVTDGTTKcamket!M18,IF(AND('Tinh phi QL'!$H$12=0,'Tinh phi QL'!$B$13="Khỏe Bình An"),KBAGTTKcamket!M18,IF(AND('Tinh phi QL'!$H$12=0,'Tinh phi QL'!$B$13="Vững Tương Lai"),VTLGTTKcamket!M18,0)))))) -> 78640.138 | F14: =IF(AND('Tinh phi QL'!$B$12="Khỏe trọn vẹn - Tối ưu",'Tinh phi QL'!$E$13=0),KTVTUGTTKMH!M18,IF(AND('Tinh phi QL'!$B$12="Khỏe trọn vẹn - bền vững",'Tinh phi QL'!$E$13=0),KTVBVGTTKMH!M18,IF(AND('Tinh phi QL'!$B$12="Khỏe trọn vẹn - trọn đời",'Tinh phi QL'!$E$13=0),KTVTRDGTTKMH!M18,IF(AND('Tinh phi QL'!$B$12="Khỏe trọn vẹn - toàn diện",'Tinh phi QL'!$E$13=0),KTVTDGTTKMH!M18,IF(AND('Tinh phi QL'!$H$12=0,'Tinh phi QL'!$B$13="Khỏe Bình An"),KBAGTTKMH!M18,IF(AND('Tinh phi QL'!$H$12=0,'Tinh phi QL'!$B$13="Vững Tương Lai"),VTLGTTKMH!M18,0)))))) -> 96247.906
B15: 13 | C15: =IF(AND('Tinh phi QL'!$H$13=0,'Tinh phi QL'!$H$12<>0),IF(ROW(A13)>'Tinh phi QL'!$D$12,"",ROW(A13)),IF(ROW(A13)>'Tinh phi QL'!$D$12,"",ROW(A13))) -> 13 | D15: =MAX(IF(IFERROR(--TRIM(C15),0)=0,0,C15*IF(AND('Tinh phi QL'!$H$13=0,'Tinh phi QL'!$H$12<>0),'Tinh phi QL'!$H$12/1000,'Tinh phi QL'!$H$13/1000)),D14) -> 130000 | E15: =IF(AND('Tinh phi QL'!$B$12="Khỏe trọn vẹn - Tối ưu",'Tinh phi QL'!$E$13=0),KTVTUGTTKcamket!M19,IF(AND('Tinh phi QL'!$B$12="Khỏe trọn vẹn - bền vững",'Tinh phi QL'!$E$13=0),KTVBVGTTKcamket!M19,IF(AND('Tinh phi QL'!$B$12="Khỏe trọn vẹn - trọn đời",'Tinh phi QL'!$E$13=0),KTVTRDGTTKcamket!M19,IF(AND('Tinh phi QL'!$B$12="Khỏe trọn vẹn - toàn diện",'Tinh phi QL'!$E$13=0),KTVTDGTTKcamket!M19,IF(AND('Tinh phi QL'!$H$12=0,'Tinh phi QL'!$B$13="Khỏe Bình An"),KBAGTTKcamket!M19,IF(AND('Tinh phi QL'!$H$12=0,'Tinh phi QL'!$B$13="Vững Tương Lai"),VTLGTTKcamket!M19,0)))))) -> 84885.551 | F15: =IF(AND('Tinh phi QL'!$B$12="Khỏe trọn vẹn - Tối ưu",'Tinh phi QL'!$E$13=0),KTVTUGTTKMH!M19,IF(AND('Tinh phi QL'!$B$12="Khỏe trọn vẹn - bền vững",'Tinh phi QL'!$E$13=0),KTVBVGTTKMH!M19,IF(AND('Tinh phi QL'!$B$12="Khỏe trọn vẹn - trọn đời",'Tinh phi QL'!$E$13=0),KTVTRDGTTKMH!M19,IF(AND('Tinh phi QL'!$B$12="Khỏe trọn vẹn - toàn diện",'Tinh phi QL'!$E$13=0),KTVTDGTTKMH!M19,IF(AND('Tinh phi QL'!$H$12=0,'Tinh phi QL'!$B$13="Khỏe Bình An"),KBAGTTKMH!M19,IF(AND('Tinh phi QL'!$H$12=0,'Tinh phi QL'!$B$13="Vững Tương Lai"),VTLGTTKMH!M19,0)))))) -> 106458.35
B16: 14 | C16: =IF(AND('Tinh phi QL'!$H$13=0,'Tinh phi QL'!$H$12<>0),IF(ROW(A14)>'Tinh phi QL'!$D$12,"",ROW(A14)),IF(ROW(A14)>'Tinh phi QL'!$D$12,"",ROW(A14))) -> 14 | D16: =MAX(IF(IFERROR(--TRIM(C16),0)=0,0,C16*IF(AND('Tinh phi QL'!$H$13=0,'Tinh phi QL'!$H$12<>0),'Tinh phi QL'!$H$12/1000,'Tinh phi QL'!$H$13/1000)),D15) -> 140000 | E16: =IF(AND('Tinh phi QL'!$B$12="Khỏe trọn vẹn - Tối ưu",'Tinh phi QL'!$E$13=0),KTVTUGTTKcamket!M20,IF(AND('Tinh phi QL'!$B$12="Khỏe trọn vẹn - bền vững",'Tinh phi QL'!$E$13=0),KTVBVGTTKcamket!M20,IF(AND('Tinh phi QL'!$B$12="Khỏe trọn vẹn - trọn đời",'Tinh phi QL'!$E$13=0),KTVTRDGTTKcamket!M20,IF(AND('Tinh phi QL'!$B$12="Khỏe trọn vẹn - toàn diện",'Tinh phi QL'!$E$13=0),KTVTDGTTKcamket!M20,IF(AND('Tinh phi QL'!$H$12=0,'Tinh phi QL'!$B$13="Khỏe Bình An"),KBAGTTKcamket!M20,IF(AND('Tinh phi QL'!$H$12=0,'Tinh phi QL'!$B$13="Vững Tương Lai"),VTLGTTKcamket!M20,0)))))) -> 90849.508 | F16: =IF(AND('Tinh phi QL'!$B$12="Khỏe trọn vẹn - Tối ưu",'Tinh phi QL'!$E$13=0),KTVTUGTTKMH!M20,IF(AND('Tinh phi QL'!$B$12="Khỏe trọn vẹn - bền vững",'Tinh phi QL'!$E$13=0),KTVBVGTTKMH!M20,IF(AND('Tinh phi QL'!$B$12="Khỏe trọn vẹn - trọn đời",'Tinh phi QL'!$E$13=0),KTVTRDGTTKMH!M20,IF(AND('Tinh phi QL'!$B$12="Khỏe trọn vẹn - toàn diện",'Tinh phi QL'!$E$13=0),KTVTDGTTKMH!M20,IF(AND('Tinh phi QL'!$H$12=0,'Tinh phi QL'!$B$13="Khỏe Bình An"),KBAGTTKMH!M20,IF(AND('Tinh phi QL'!$H$12=0,'Tinh phi QL'!$B$13="Vững Tương Lai"),VTLGTTKMH!M20,0)))))) -> 116806.77
B17: 15 | C17: =IF(AND('Tinh phi QL'!$H$13=0,'Tinh phi QL'!$H$12<>0),IF(ROW(A15)>'Tinh phi QL'!$D$12,"",ROW(A15)),IF(ROW(A15)>'Tinh phi QL'!$D$12,"",ROW(A15))) -> 15 | D17: =MAX(IF(IFERROR(--TRIM(C17),0)=0,0,C17*IF(AND('Tinh phi QL'!$H$13=0,'Tinh phi QL'!$H$12<>0),'Tinh phi QL'!$H$12/1000,'Tinh phi QL'!$H$13/1000)),D16) -> 150000 | E17: =IF(AND('Tinh phi QL'!$B$12="Khỏe trọn vẹn - Tối ưu",'Tinh phi QL'!$E$13=0),KTVTUGTTKcamket!M21,IF(AND('Tinh phi QL'!$B$12="Khỏe trọn vẹn - bền vững",'Tinh phi QL'!$E$13=0),KTVBVGTTKcamket!M21,IF(AND('Tinh phi QL'!$B$12="Khỏe trọn vẹn - trọn đời",'Tinh phi QL'!$E$13=0),KTVTRDGTTKcamket!M21,IF(AND('Tinh phi QL'!$B$12="Khỏe trọn vẹn - toàn diện",'Tinh phi QL'!$E$13=0),KTVTDGTTKcamket!M21,IF(AND('Tinh phi QL'!$H$12=0,'Tinh phi QL'!$B$13="Khỏe Bình An"),KBAGTTKcamket!M21,IF(AND('Tinh phi QL'!$H$12=0,'Tinh phi QL'!$B$13="Vững Tương Lai"),VTLGTTKcamket!M21,0)))))) -> 96508.779 | F17: =IF(AND('Tinh phi QL'!$B$12="Khỏe trọn vẹn - Tối ưu",'Tinh phi QL'!$E$13=0),KTVTUGTTKMH!M21,IF(AND('Tinh phi QL'!$B$12="Khỏe trọn vẹn - bền vững",'Tinh phi QL'!$E$13=0),KTVBVGTTKMH!M21,IF(AND('Tinh phi QL'!$B$12="Khỏe trọn vẹn - trọn đời",'Tinh phi QL'!$E$13=0),KTVTRDGTTKMH!M21,IF(AND('Tinh phi QL'!$B$12="Khỏe trọn vẹn - toàn diện",'Tinh phi QL'!$E$13=0),KTVTDGTTKMH!M21,IF(AND('Tinh phi QL'!$H$12=0,'Tinh phi QL'!$B$13="Khỏe Bình An"),KBAGTTKMH!M21,IF(AND('Tinh phi QL'!$H$12=0,'Tinh phi QL'!$B$13="Vững Tương Lai"),VTLGTTKMH!M21,0)))))) -> 127282.87
B18: 16 | C18: =IF(AND('Tinh phi QL'!$H$13=0,'Tinh phi QL'!$H$12<>0),IF(ROW(A16)>'Tinh phi QL'!$D$12,"",ROW(A16)),IF(ROW(A16)>'Tinh phi QL'!$D$12,"",ROW(A16))) | D18: =MAX(IF(IFERROR(--TRIM(C18),0)=0,0,C18*IF(AND('Tinh phi QL'!$H$13=0,'Tinh phi QL'!$H$12<>0),'Tinh phi QL'!$H$12/1000,'Tinh phi QL'!$H$13/1000)),D17) -> 150000 | E18: =IF(AND('Tinh phi QL'!$B$12="Khỏe trọn vẹn - Tối ưu",'Tinh phi QL'!$E$13=0),KTVTUGTTKcamket!M22,IF(AND('Tinh phi QL'!$B$12="Khỏe trọn vẹn - bền vững",'Tinh phi QL'!$E$13=0),KTVBVGTTKcamket!M22,IF(AND('Tinh phi QL'!$B$12="Khỏe trọn vẹn - trọn đời",'Tinh phi QL'!$E$13=0),KTVTRDGTTKcamket!M22,IF(AND('Tinh phi QL'!$B$12="Khỏe trọn vẹn - toàn diện",'Tinh phi QL'!$E$13=0),KTVTDGTTKcamket!M22,IF(AND('Tinh phi QL'!$H$12=0,'Tinh phi QL'!$B$13="Khỏe Bình An"),KBAGTTKcamket!M22,IF(AND('Tinh phi QL'!$H$12=0,'Tinh phi QL'!$B$13="Vững Tương Lai"),VTLGTTKcamket!M22,0)))))) -> 101322.62 | F18: =IF(AND('Tinh phi QL'!$B$12="Khỏe trọn vẹn - Tối ưu",'Tinh phi QL'!$E$13=0),KTVTUGTTKMH!M22,IF(AND('Tinh phi QL'!$B$12="Khỏe trọn vẹn - bền vững",'Tinh phi QL'!$E$13=0),KTVBVGTTKMH!M22,IF(AND('Tinh phi QL'!$B$12="Khỏe trọn vẹn - trọn đời",'Tinh phi QL'!$E$13=0),KTVTRDGTTKMH!M22,IF(AND('Tinh phi QL'!$B$12="Khỏe trọn vẹn - toàn diện",'Tinh phi QL'!$E$13=0),KTVTDGTTKMH!M22,IF(AND('Tinh phi QL'!$H$12=0,'Tinh phi QL'!$B$13="Khỏe Bình An"),KBAGTTKMH!M22,IF(AND('Tinh phi QL'!$H$12=0,'Tinh phi QL'!$B$13="Vững Tương Lai"),VTLGTTKMH!M22,0)))))) -> 137876.46
... B22: 20 | C22: =IF(AND('Tinh phi QL'!$H$13=0,'Tinh phi QL'!$H$12<>0),IF(ROW(A20)>'Tinh phi QL'!$D$12,"",ROW(A20)),IF(ROW(A20)>'Tinh phi QL'!$D$12,"",ROW(A20))) | D22: =MAX(IF(IFERROR(--TRIM(C22),0)=0,0,C22*IF(AND('Tinh phi QL'!$H$13=0,'Tinh phi QL'!$H$12<>0),'Tinh phi QL'!$H$12/1000,'Tinh phi QL'!$H$13/1000)),D21) -> 150000 | E22: =IF(AND('Tinh phi QL'!$B$12="Khỏe trọn vẹn - Tối ưu",'Tinh phi QL'!$E$13=0),KTVTUGTTKcamket!M26,IF(AND('Tinh phi QL'!$B$12="Khỏe trọn vẹn - bền vững",'Tinh phi QL'!$E$13=0),KTVBVGTTKcamket!M26,IF(AND('Tinh phi QL'!$B$12="Khỏe trọn vẹn - trọn đời",'Tinh phi QL'!$E$13=0),KTVTRDGTTKcamket!M26,IF(AND('Tinh phi QL'!$B$12="Khỏe trọn vẹn - toàn diện",'Tinh phi QL'!$E$13=0),KTVTDGTTKcamket!M26,IF(AND('Tinh phi QL'!$H$12=0,'Tinh phi QL'!$B$13="Khỏe Bình An"),KBAGTTKcamket!M26,IF(AND('Tinh phi QL'!$H$12=0,'Tinh phi QL'!$B$13="Vững Tương Lai"),VTLGTTKcamket!M26,0)))))) -> 116341.68 | F22: =IF(AND('Tinh phi QL'!$B$12="Khỏe trọn vẹn - Tối ưu",'Tinh phi QL'!$E$13=0),KTVTUGTTKMH!M26,IF(AND('Tinh phi QL'!$B$12="Khỏe trọn vẹn - bền vững",'Tinh phi QL'!$E$13=0),KTVBVGTTKMH!M26,IF(AND('Tinh phi QL'!$B$12="Khỏe trọn vẹn - trọn đời",'Tinh phi QL'!$E$13=0),KTVTRDGTTKMH!M26,IF(AND('Tinh phi QL'!$B$12="Khỏe trọn vẹn - toàn diện",'Tinh phi QL'!$E$13=0),KTVTDGTTKMH!M26,IF(AND('Tinh phi QL'!$H$12=0,'Tinh phi QL'!$B$13="Khỏe Bình An"),KBAGTTKMH!M26,IF(AND('Tinh phi QL'!$H$12=0,'Tinh phi QL'!$B$13="Vững Tương Lai"),VTLGTTKMH!M26,0)))))) -> 181045.17

Sheet Tom Tat QL
B1: Khách hàng | D1: ='Tinh phi QL'!F7 -> TRAN VAN HUY
B2: Tổng số phí đóng năm đầu tiên: | C2: ='Tinh phi QL'!H3 -> 16571000
B3: Tư vấn viên: | C3: ='Tinh phi QL'!C2 -> Phạm Quang Hà
B4: Mã số: | C4: ='Tinh phi QL'!F2 -> 101012337
B5: Mobile: | C5: =Start!C3 -> 0981984554
B6: Email: | C6: =Start!D3 -> quangha1659@gmail.com
B7: Tóm Tắt Quyền Lợi Bảo Hiểm | D7: =IF(AND('Tinh phi QL'!H12<>0,'Tinh phi QL'!H13=0),'Tinh phi QL'!B12,'Tinh phi QL'!B13) -> Khỏe Bình An
B8: Tên Quyền lợi | D8: ='Tinh phi QL'!F7 -> TRAN VAN HUY | E8: ='Tinh phi QL'!F28 -> Đỗ Thị X | F8: ='Tinh phi QL'!F48 -> Trần Huy A | G8: ='Tinh phi QL'!F67 -> Trần Huy B
B9: Số tiền bảo hiểm sản phẩm chính | D9: =MAX('Tinh phi QL'!E12,'Tinh phi QL'!E13) -> 1000000000
B10: TTTBVV trước khi đạt 75 tuổi hoặc từ ngày đạt 75 tuổi cho đến trước Ngày kỷ niệm hợp đồng kế tiếp
B11: Quyền lợi bảo hiểm TTTBVV do ung thư tuyến giáp
B12: Quyền lợi bảo hiểm TTTBVV do ung thư tuyến giáp giai đoạn sớm: | D12: =MIN(D9*10%,200000000) -> 100000000
B13: Quyền lợi bảo hiểm TTTBVV do ung thư tuyến giáp giai đoạn nghiêm trọng: | D13: Nhận số lớn hơn của STBH và GTTK HĐ – Quyền lợi bảo hiểm TTTBVV do UT TG GĐS đã chi trả (nếu có)
B14: Quyền lợi bảo hiểm TTTBVV không do ung thư tuyến giáp | D14: Nhận số lớn hơn của STBH & GTTK HĐ
B15: 1.2. Tử vong | D15: Nhận số lớn hơn của STBH & GTTK HĐ
B16: ='Tinh phi QL'!B14 -> Bảo hiểm Tử vong và thương tật do tai nạn | D16: ='Tinh phi QL'!G14 -> 500000000 | E16: ='Tinh phi QL'!G33 -> 0 | F16: ='Tinh phi QL'!G53 -> 0 | G16: ='Tinh phi QL'!G72 -> 0
B17: Quyền lợi tử vong, tàn tật hoặc bỏng do tai nạn tối đa | D17: =D16 -> 500000000 | E17: =E16 -> 0 | F17: =F16 -> 0 | G17: =G16 -> 0
B18: Quyền lợi tàn tật toàn bộ tạm thời do tai nạn theo tỉ lệ % của: | D18: =D16 -> 500000000 | E18: =E16 -> 0 | F18: =F16 -> 0 | G18: =G16 -> 0
B19: Quyền lợi bồi thường gấp đôi khi tử vong trong trường hợp đặc biệt | D19: =D18*2 -> 1000000000 | E19: =E18*2 -> 0 | F19: =F18*2 -> 0 | G19: =G18*2 -> 0
B20: ='Tinh phi QL'!B15 -> Bảo hiểm Hỗ trợ chi phí nằm viện | D20: ='Tinh phi QL'!G15 -> 0 | E20: ='Tinh phi QL'!G34 -> 0 | F20: ='Tinh phi QL'!G54 -> 0 | G20: ='Tinh phi QL'!G73 -> 0
B21: Nằm viện ở bệnh viện tuyến trung ương, tuyến tỉnh; hoặc - nằm ở bệnh viện tuyến huyện nơi có đăng ký Bảo hiểm y tế (BHYT); hoặc - nằm ở bệnh viện tuyến huyện để điều trị thương tích do tai nạn | D21: =D20 -> 0 | E21: =E20 -> 0 | F21: =F20 -> 0 | G21: =G20 -> 0
B22: Nằm viện ở bệnh viện tuyến huyện nơi không có đăng ký Bảo hiểm y tế (BHYT) hoặc không điều trị thương tích do tai nạn | D22: =D21/2 -> 0 | E22: =E21/2 -> 0 | F22: =F21/2 -> 0 | G22: =G21/2 -> 0
B23: Trợ cấp khi nằm tại khoa săn sóc đặc biệt Tối đa là 25 ngày cho cùng một lần nằm viện | D23: =D20*2 -> 0 | E23: =E20*2 -> 0 | F23: =F20*2 -> 0 | G23: =G20*2 -> 0
B24: ='Tinh phi QL'!B35 -> Bảo hiểm Toàn diện Bệnh hiểm nghèo 2.0 | D24: ='Tinh phi QL'!G16 -> 300000000 | E24: ='Tinh phi QL'!G35 -> 0 | F24: ='Tinh phi QL'!G55 -> 0 | G24: ='Tinh phi QL'!G74 -> 0
B25: Quyền lợi Bệnh hiểm nghèo giai đoạn sớm | D25: =D24*0.3 -> 90000000 | E25: =E24*0.3 -> 0 | F25: =F24*0.3 -> 0 | G25: =G24*0.3 -> 0
B26: Quyền lợi Bệnh hiểm nghèo giai đoạn giữa | D26: =D24*0.6 -> 180000000 | E26: =E24*0.6 -> 0 | F26: =F24*0.6 -> 0 | G26: =G24*0.6 -> 0
B27: Quyền lợi Bệnh hiểm nghèo giai đoạn nghiêm trọng | D27: =D24 -> 300000000 | E27: =E24 -> 0 | F27: =F24 -> 0 | G27: =G24 -> 0
B28: Quyền lợi Bệnh hiểm nghèo của trẻ em | D28: =D26 -> 180000000 | E28: =E26 -> 0 | F28: =F26 -> 0 | G28: =G26 -> 0
B29: Quyền lợi Bệnh hiểm nghèo dành cho người lớn tuổi | D29: =D24*0.2 -> 60000000 | E29: =E24*0.2 -> 0 | F29: =F24*0.2 -> 0 | G29: =G24*0.2 -> 0
B30: ='Tinh phi QL'!B25 -> Bảo hiểm tử kỳ gia hạn hàng năm | D30: ='Tinh phi QL'!G25 -> 0 | E30: ='Tinh phi QL'!G44 -> 0 | F30: ='Tinh phi QL'!G64 -> 0 | G30: ='Tinh phi QL'!G83 -> 0
B31: Bảo hiểm chăm sóc sức khỏe Trọn đời - Nội Trú | D31: ='Tinh phi QL'!G17 -> Nâng cao | E31: ='Tinh phi QL'!G36 -> 0 | F31: ='Tinh phi QL'!G56 -> 0 | G31: ='Tinh phi QL'!G75 -> 0
B32: Hạn mức mỗi năm (nhân đôi bảo vệ bệnh viện công áp dụng khi đã chi trả hết trong năm) | D32: =IF(D31=0,0,VLOOKUP('Tinh phi QL'!$G$17,The!$A$6:$R$9,2,0)) -> 350000000 | E32: =IF(E31=0,0,VLOOKUP('Tinh phi QL'!$G$36,The!$A$6:$R$9,2,0)) -> 0 | F32: =IF(F31=0,0,VLOOKUP('Tinh phi QL'!$G$56,The!$A$6:$R$9,2,0)) -> 0 | G32: =IF(G31=0,0,VLOOKUP('Tinh phi QL'!$G$75,The!$A$6:$R$9,2,0)) -> 0
B33: Phòng, giường bệnh (tối đa 100 ngày/ năm) | D33: =IF(D31=0,0,VLOOKUP('Tinh phi QL'!$G$17,The!$A$6:$R$9,3,0)) -> 2000000 | E33: =IF(E31=0,0,VLOOKUP('Tinh phi QL'!$G$36,The!$A$6:$R$9,3,0)) -> 0 | F33: =IF(F31=0,0,VLOOKUP('Tinh phi QL'!$G$56,The!$A$6:$R$9,3,0)) -> 0 | G33: =IF(G31=0,0,VLOOKUP('Tinh phi QL'!$G$75,The!$A$6:$R$9,3,0)) -> 0
B34: Phòng chăm sóc đặc biệt (tối đa 30 ngày/ năm) | D34: =IF(D31=0,0,VLOOKUP('Tinh phi QL'!$G$17,The!$A$6:$R$9,4,0)) -> Chi phí thực tế | E34: =IF(E31=0,0,VLOOKUP('Tinh phi QL'!$G$36,The!$A$6:$R$9,4,0)) -> 0 | F34: =IF(F31=0,0,VLOOKUP('Tinh phi QL'!$G$56,The!$A$6:$R$9,4,0)) -> 0 | G34: =IF(G31=0,0,VLOOKUP('Tinh phi QL'!$G$75,The!$A$6:$R$9,4,0)) -> 0
B35: Giường dành cho người thân (tối đa 30 ngày/năm).Chỉ áp dụng cho 1 người thân lưu lại cùng NĐBH dưới 18 tuổi hoặc NĐBH từ 60 tuổi trở lên | D35: =IF(D31=0,0,VLOOKUP('Tinh phi QL'!$G$17,The!$A$6:$R$9,5,0)) -> 250000 | E35: =IF(E31=0,0,VLOOKUP('Tinh phi QL'!$G$36,The!$A$6:$R$9,5,0)) -> 0 | F35: =IF(F31=0,0,VLOOKUP('Tinh phi QL'!$G$56,The!$A$6:$R$9,5,0)) -> 0 | G35: =IF(G31=0,0,VLOOKUP('Tinh phi QL'!$G$75,The!$A$6:$R$9,5,0)) -> 0
B36: Hỗ trợ chi phí nằm viện khi sử dụng bảo hiểm y tế (tối đa 30 ngày/năm) | D36: =IF(D31="cơ bản",150000,IF(D31="nâng cao",250000,IF(D31="toàn diện",400000,IF(D31="Hoàn hảo",600000,0)))) -> 250000 | E36: =IF(E31="cơ bản",150000,IF(E31="nâng cao",250000,IF(E31="toàn diện",400000,IF(E31="Hoàn hảo",600000,0)))) -> 0 | F36: =IF(F31="cơ bản",150000,IF(F31="nâng cao",250000,IF(F31="toàn diện",400000,IF(F31="Hoàn hảo",600000,0)))) -> 0 | G36: =IF(G31="cơ bản",150000,IF(G31="nâng cao",250000,IF(G31="toàn diện",400000,IF(G31="Hoàn hảo",600000,0)))) -> 0
B37: Phẫu thuật (tối đa 30 ngày trước khi nhập viện; 02 lần khám/Đợt điều trị) | D37: =IF(D31=0,0,VLOOKUP('Tinh phi QL'!$G$17,The!$A$6:$R$9,6,0)) -> Chi phí thực tế | E37: =IF(E31=0,0,VLOOKUP('Tinh phi QL'!$G$36,The!$A$6:$R$9,6,0)) -> 0 | F37: =IF(F31=0,0,VLOOKUP('Tinh phi QL'!$G$56,The!$A$6:$R$9,6,0)) -> 0 | G37: =IF(G31=0,0,VLOOKUP('Tinh phi QL'!$G$75,The!$A$6:$R$9,6,0)) -> 0
B38: Điều trị trước khi nhập viện (tối đa 60 ngày sau khi xuất viện) | D38: =IF(D31=0,0,VLOOKUP('Tinh phi QL'!$G$17,The!$A$6:$R$9,7,0)) -> Chi phí thực tế | E38: =IF(E31=0,0,VLOOKUP('Tinh phi QL'!$G$36,The!$A$6:$R$9,7,0)) -> 0 | F38: =IF(F31=0,0,VLOOKUP('Tinh phi QL'!$G$56,The!$A$6:$R$9,7,0)) -> 0 | G38: =IF(G31=0,0,VLOOKUP('Tinh phi QL'!$G$75,The!$A$6:$R$9,7,0)) -> 0
B39: Điều trị sau khi nhập viện | D39: =IF(D31=0,0,VLOOKUP('Tinh phi QL'!$G$17,The!$A$6:$R$9,8,0)) -> Chi phí thực tế | E39: =IF(E31=0,0,VLOOKUP('Tinh phi QL'!$G$36,The!$A$6:$R$9,8,0)) -> 0 | F39: =IF(F31=0,0,VLOOKUP('Tinh phi QL'!$G$56,The!$A$6:$R$9,8,0)) -> 0 | G39: =IF(G31=0,0,VLOOKUP('Tinh phi QL'!$G$75,The!$A$6:$R$9,8,0)) -> 0
B40: Chi phí y tế nội trú khác | D40: =IF(D31=0,0,VLOOKUP('Tinh phi QL'!$G$17,The!$A$6:$R$9,9,0)) -> Chi phí thực tế | E40: =IF(E31=0,0,VLOOKUP('Tinh phi QL'!$G$36,The!$A$6:$R$9,9,0)) -> 0 | F40: =IF(F31=0,0,VLOOKUP('Tinh phi QL'!$G$56,The!$A$6:$R$9,9,0)) -> 0 | G40: =IF(G31=0,0,VLOOKUP('Tinh phi QL'!$G$75,The!$A$6:$R$9,9,0)) -> 0
B41: Dịch vụ chăm sóc y tế tại nhà (tối đa 30 ngày/ năm) | D41: =IF(D31=0,0,VLOOKUP('Tinh phi QL'!$G$17,The!$A$6:$R$9,10,0)) -> 250000 | E41: =IF(E31=0,0,VLOOKUP('Tinh phi QL'!$G$36,The!$A$6:$R$9,10,0)) -> 0 | F41: =IF(F31=0,0,VLOOKUP('Tinh phi QL'!$G$56,The!$A$6:$R$9,10,0)) -> 0 | G41: =IF(G31=0,0,VLOOKUP('Tinh phi QL'!$G$75,The!$A$6:$R$9,10,0)) -> 0
B42: Cho người được phép ghép tạng (NĐBH) | D42: =IF(D31=0,0,VLOOKUP('Tinh phi QL'!$G$17,The!$A$6:$R$9,11,0)) -> Chi phí thực tế | E42: =IF(E31=0,0,VLOOKUP('Tinh phi QL'!$G$36,The!$A$6:$R$9,11,0)) -> 0 | F42: =IF(F31=0,0,VLOOKUP('Tinh phi QL'!$G$56,The!$A$6:$R$9,11,0)) -> 0 | G42: =IF(G31=0,0,VLOOKUP('Tinh phi QL'!$G$75,The!$A$6:$R$9,11,0)) -> 0
B43: Cho người hiến tạng (không phải là NĐBH) | D43: =IF(D31=0,0,VLOOKUP('Tinh phi QL'!$G$17,The!$A$6:$R$9,12,0)) -> 50% chi phí phẫu thuật | E43: =IF(E31=0,0,VLOOKUP('Tinh phi QL'!$G$36,The!$A$6:$R$9,12,0)) -> 0 | F43: =IF(F31=0,0,VLOOKUP('Tinh phi QL'!$G$56,The!$A$6:$R$9,12,0)) -> 0 | G43: =IF(G31=0,0,VLOOKUP('Tinh phi QL'!$G$75,The!$A$6:$R$9,12,0)) -> 0
B44: Phẫu thuật thủ thuật trong ngày | D44: =IF(D31=0,0,VLOOKUP('Tinh phi QL'!$G$17,The!$A$6:$R$9,13,0)) -> Chi phí thực tế | E44: =IF(E31=0,0,VLOOKUP('Tinh phi QL'!$G$36,The!$A$6:$R$9,13,0)) -> 0 | F44: =IF(F31=0,0,VLOOKUP('Tinh phi QL'!$G$56,The!$A$6:$R$9,13,0)) -> 0 | G44: =IF(G31=0,0,VLOOKUP('Tinh phi QL'!$G$75,The!$A$6:$R$9,13,0)) -> 0
B45: Điều trị trong ngày cho Viêm phế quản; Sốt xuất huyết; Cúm; Viêm phổi (tối đa 3 lần điều trị/ năm) | D45: =IF(D31=0,0,VLOOKUP('Tinh phi QL'!$G$17,The!$A$6:$R$9,14,0)) -> 2500000 | E45: =IF(E31=0,0,VLOOKUP('Tinh phi QL'!$G$36,The!$A$6:$R$9,14,0)) -> 0 | F45: =IF(F31=0,0,VLOOKUP('Tinh phi QL'!$G$56,The!$A$6:$R$9,14,0)) -> 0 | G45: =IF(G31=0,0,VLOOKUP('Tinh phi QL'!$G$75,The!$A$6:$R$9,14,0)) -> 0
B46: Lọc máu | D46: =IF(D31=0,0,VLOOKUP('Tinh phi QL'!$G$17,The!$A$6:$R$9,15,0)) -> 7000000 | E46: =IF(E31=0,0,VLOOKUP('Tinh phi QL'!$G$36,The!$A$6:$R$9,15,0)) -> 0 | F46: =IF(F31=0,0,VLOOKUP('Tinh phi QL'!$G$56,The!$A$6:$R$9,15,0)) -> 0 | G46: =IF(G31=0,0,VLOOKUP('Tinh phi QL'!$G$75,The!$A$6:$R$9,15,0)) -> 0
B47: Điều trị giảm nhẹ | D47: =IF(D31="cơ bản","Không áp dụng",IF(D31="nâng cao","Không áp dụng",IF(D31="toàn diện",25000000,IF(D31="Hoàn hảo",50000000,0)))) -> Không áp dụng | E47: =IF(E31="cơ bản","Không áp dụng",IF(E31="nâng cao","Không áp dụng",IF(E31="toàn diện",25000000,IF(E31="Hoàn hảo",50000000,0)))) -> 0 | F47: =IF(F31="cơ bản","Không áp dụng",IF(F31="nâng cao","Không áp dụng",IF(F31="toàn diện",25000000,IF(F31="Hoàn hảo",50000000,0)))) -> 0 | G47: =IF(G31="cơ bản","Không áp dụng",IF(G31="nâng cao","Không áp dụng",IF(G31="toàn diện",25000000,IF(G31="Hoàn hảo",50000000,0)))) -> 0
B48: Điều trị ung thư | D48: =IF(D31=0,0,VLOOKUP('Tinh phi QL'!$G$17,The!$A$6:$R$9,16,0)) -> Chi phí thực tế | E48: =IF(E31=0,0,VLOOKUP('Tinh phi QL'!$G$36,The!$A$6:$R$9,16,0)) -> 0 | F48: =IF(F31=0,0,VLOOKUP('Tinh phi QL'!$G$56,The!$A$6:$R$9,16,0)) -> 0 | G48: =IF(G31=0,0,VLOOKUP('Tinh phi QL'!$G$75,The!$A$6:$R$9,16,0)) -> 0
B49: =The!Q5 -> Điều trị cấp cứu do tai nạn hoặc bệnh | D49: =IF(D31=0,0,VLOOKUP('Tinh phi QL'!$G$17,The!$A$6:$R$9,17,0)) -> 6000000 | E49: =IF(E31=0,0,VLOOKUP('Tinh phi QL'!$G$36,The!$A$6:$R$9,17,0)) -> 0 | F49: =IF(F31=0,0,VLOOKUP('Tinh phi QL'!$G$56,The!$A$6:$R$9,17,0)) -> 0 | G49: =IF(G31=0,0,VLOOKUP('Tinh phi QL'!$G$75,The!$A$6:$R$9,17,0)) -> 0
B50: =The!R5 -> Vận chuyển cấp cứu do tai nạn hoặc bệnh | D50: =IF(D31=0,0,VLOOKUP('Tinh phi QL'!$G$17,The!$A$6:$R$9,18,0)) -> 3000000 | E50: =IF(E31=0,0,VLOOKUP('Tinh phi QL'!$G$36,The!$A$6:$R$9,18,0)) -> 0 | F50: =IF(F31=0,0,VLOOKUP('Tinh phi QL'!$G$56,The!$A$6:$R$9,18,0)) -> 0 | G50: =IF(G31=0,0,VLOOKUP('Tinh phi QL'!$G$75,The!$A$6:$R$9,18,0)) -> 0
B51: Quyền lợi ngoại trú giới hạn mỗi năm hợp đồng | D51: =IF('Tinh phi QL'!G19=0,0,VLOOKUP('Tinh phi QL'!$G$19,The!$A$18:$D$21,2,0)) -> 0 | E51: =IF('Tinh phi QL'!G38=0,0,VLOOKUP('Tinh phi QL'!$G$38,The!$A$18:$D$21,2,0)) -> 0 | F51: =IF('Tinh phi QL'!G58=0,0,VLOOKUP('Tinh phi QL'!$G$58,The!$A$18:$D$21,2,0)) -> 0 | G51: =IF('Tinh phi QL'!G77=0,0,VLOOKUP('Tinh phi QL'!$G$77,The!$A$18:$D$21,2,0)) -> 0
B52: =The!C17 -> Khám bệnh, xét nghiệm, chẩn đoán hình ảnh, thuốc theo toa, vật lý trị liệu | D52: =IF('Tinh phi QL'!G19=0,0,VLOOKUP('Tinh phi QL'!$G$19,The!$A$18:$D$21,3,0)) -> 0 | E52: =IF('Tinh phi QL'!G38=0,0,VLOOKUP('Tinh phi QL'!$G$38,The!$A$18:$D$21,3,0)) -> 0 | F52: =IF('Tinh phi QL'!G58=0,0,VLOOKUP('Tinh phi QL'!$G$58,The!$A$18:$D$21,3,0)) -> 0 | G52: =IF('Tinh phi QL'!G77=0,0,VLOOKUP('Tinh phi QL'!$G$77,The!$A$18:$D$21,3,0)) -> 0
B53: =The!D17 -> Tư vấn điều trị sức khỏe tâm thần | D53: =IF('Tinh phi QL'!G19=0,0,VLOOKUP('Tinh phi QL'!$G$19,The!$A$18:$D$21,4,0)) -> 0 | E53: =IF('Tinh phi QL'!G38=0,0,VLOOKUP('Tinh phi QL'!$G$38,The!$A$18:$D$21,4,0)) -> 0 | F53: =IF('Tinh phi QL'!G58=0,0,VLOOKUP('Tinh phi QL'!$G$58,The!$A$18:$D$21,3,0)) -> 0 | G53: =IF('Tinh phi QL'!G77=0,0,VLOOKUP('Tinh phi QL'!$G$77,The!$A$18:$D$21,3,0)) -> 0
B54: Quyền lợi thai sản cho nữ giới tối đa mỗi năm HĐ | D54: =IF(D31=0,0,IF(D31="Hoàn Hảo",40000000,IF(D31="toàn diện",25000000,"Không áp dụng"))) -> Không áp dụng | E54: =IF(E31=0,0,IF(E31="Hoàn Hảo",40000000,IF(E31="toàn diện",25000000,"Không áp dụng"))) -> 0 | F54: =IF(F31=0,0,IF(F31="Hoàn Hảo",40000000,IF(F31="toàn diện",25000000,"Không áp dụng"))) -> 0 | G54: =IF(G31=0,0,IF(G31="Hoàn Hảo",40000000,IF(G31="toàn diện",25000000,"Không áp dụng"))) -> 0
B55: =The!C11 -> Khám thai (tối đa 8 lần/ năm) | D55: =IF(D31="Hoàn Hảo",3000000,IF(D31="toàn diện",1000000,"Không áp dụng")) -> Không áp dụng | E55: =IF(E31="Hoàn Hảo",3000000,IF(E31="toàn diện",1000000,"Không áp dụng")) -> Không áp dụng | F55: =IF(F31="Hoàn Hảo",3000000,IF(F31="toàn diện",1000000,"Không áp dụng")) -> Không áp dụng | G55: =IF(G31="Hoàn Hảo",3000000,IF(G31="toàn diện",1000000,"Không áp dụng")) -> Không áp dụng
B56: =The!D11 -> Phòng và giường (tối đa 100 ngày/ năm) | D56: =IF(D31="Hoàn Hảo",5500000,IF(D31="toàn diện",3500000,"Không áp dụng")) -> Không áp dụng | E56: =IF(E31="Hoàn Hảo",5500000,IF(E31="toàn diện",3500000,"Không áp dụng")) -> Không áp dụng | F56: =IF(F31="Hoàn Hảo",5500000,IF(F31="toàn diện",3500000,"Không áp dụng")) -> Không áp dụng | G56: =IF(G31="Hoàn Hảo",5500000,IF(G31="toàn diện",3500000,"Không áp dụng")) -> Không áp dụng
B57: =The!E11 -> Phòng chăm sóc đặc biệt | D57: =IF(OR(D31="Hoàn Hảo",D31="toàn diện"),"Chi phí thực tế","Không áp dụng") -> Không áp dụng | E57: =IF(OR(E31="Hoàn Hảo",E31="toàn diện"),"Chi phí thực tế","Không áp dụng") -> Không áp dụng | F57: =IF(OR(F31="Hoàn Hảo",F31="toàn diện"),"Chi phí thực tế","Không áp dụng") -> Không áp dụng | G57: =IF(OR(G31="Hoàn Hảo",G31="toàn diện"),"Chi phí thực tế","Không áp dụng") -> Không áp dụng
B58: =The!F11 -> Sinh thường hoặc sinh mổ theo chỉ định của bác sĩ | D58: =IF(OR(D31="Hoàn Hảo",D31="toàn diện"),"Chi phí thực tế","Không áp dụng") -> Không áp dụng | E58: =IF(OR(E31="Hoàn Hảo",E31="toàn diện"),"Chi phí thực tế","Không áp dụng") -> Không áp dụng | F58: =IF(OR(F31="Hoàn Hảo",F31="toàn diện"),"Chi phí thực tế","Không áp dụng") -> Không áp dụng | G58: =IF(OR(G31="Hoàn Hảo",G31="toàn diện"),"Chi phí thực tế","Không áp dụng") -> Không áp dụng
B59: =The!G11 -> Biến chứng thai sản | D59: =IF(OR(D31="Hoàn Hảo",D31="toàn diện"),"Chi phí thực tế","Không áp dụng") -> Không áp dụng | E59: =IF(OR(E31="Hoàn Hảo",E31="toàn diện"),"Chi phí thực tế","Không áp dụng") -> Không áp dụng | F59: =IF(OR(F31="Hoàn Hảo",F31="toàn diện"),"Chi phí thực tế","Không áp dụng") -> Không áp dụng | G59: =IF(OR(G31="Hoàn Hảo",G31="toàn diện"),"Chi phí thực tế","Không áp dụng") -> Không áp dụng
B60: =The!H11 -> Chăm sóc trẻ sơ sinh trong vòng 7 ngày sau khi sinh | D60: =IF(OR(D31="Hoàn Hảo",D31="toàn diện"),"Chi phí thực tế","Không áp dụng") -> Không áp dụng | E60: =IF(OR(E31="Hoàn Hảo",E31="toàn diện"),"Chi phí thực tế","Không áp dụng") -> Không áp dụng | F60: =IF(OR(F31="Hoàn Hảo",F31="toàn diện"),"Chi phí thực tế","Không áp dụng") -> Không áp dụng | G60: =IF(OR(G31="Hoàn Hảo",G31="toàn diện"),"Chi phí thực tế","Không áp dụng") -> Không áp dụng
B61: Quyền lợi nha khoa | D61: ='Tinh phi QL'!G21 -> 0 | E61: ='Tinh phi QL'!G40 -> 0 | F61: ='Tinh phi QL'!G60 -> 0 | G61: ='Tinh phi QL'!G79 -> 0
B62: Số tiền bảo hiểm mỗi năm hợp đồng | D62: =IF(D61="Hoàn hảo",10000000,IF(D61="toàn diện",5000000,IF(D61="Nâng cao",2000000,IF(D61="Cơ bản",1000000,0)))) -> 0 | E62: =IF(E61="Hoàn hảo",10000000,IF(E61="toàn diện",5000000,IF(E61="Nâng cao",2000000,IF(E61="Cơ bản",1000000,0)))) -> 0 | F62: =IF(F61="Hoàn hảo",10000000,IF(F61="toàn diện",5000000,IF(F61="Nâng cao",2000000,IF(F61="Cơ bản",1000000,0)))) -> 0 | G62: =IF(G61="Hoàn hảo",10000000,IF(G61="toàn diện",5000000,IF(G61="Nâng cao",2000000,IF(G61="Cơ bản",1000000,0)))) -> 0
B63: Phí khám, tư vấn, xét nghiệm và chẩn đoán • Chẩn đoán hình ảnh theo chỉ định (X-quang) • Cạo vôi răng (tối đa 2 lần/ năm) • Viêm nướu, viêm nha chu, • Trám răng (amalgam, composite, gic hoặc các vật liệu tương tự khác) • Nhổ răng, điều trị tủy răng, • Cắt u mô cứng của răng, cắt cuống răng • Bọc răng (loại trừ implant) | D63: =IF(D61<>0,"Chi trả 80% chi phí thực tế",0) -> 0 | E63: =IF(E61<>0,"Chi trả 80% chi phí thực tế",0) -> 0 | F63: =IF(F61<>0,"Chi trả 80% chi phí thực tế",0) -> 0 | G63: =IF(G61<>0,"Chi trả 80% chi phí thực tế",0) -> 0
B64: ='Tinh phi QL'!B45 -> Bảo hiểm Miễn thu phí - phiên bản 3.0 | E64: =IF('Tinh phi QL'!F45="có",'Tinh phi QL'!G45,0) -> 0
B65: Giá trị hoàn lại
B66: Tổng số tiền sản phẩm chính dự kiến | D66: =MAX('Tinh phi QL'!H13*'Tinh phi QL'!D13,'Tinh phi QL'!H12*'Tinh phi QL'!D12) -> 200000000
B67: Tổng số tiền sản phẩm đính kèm dự kiến | D67: =IF(AND('Tinh phi QL'!H12<>0,'Tinh phi QL'!H13=0),VLOOKUP('Tinh phi QL'!D12,KTVBVPhi20nam!B4:AJ23,35,0)*1000,VLOOKUP('Tinh phi QL'!D13,KTVBVPhi20nam!B4:AJ23,35,0)*1000) -> 165340000
B68: Tổng số tiền sản phẩm chính & SP đính kèm dự kiến theo số năm đóng phí SPC | D68: =D66+D67 -> 365340000
B69: Giá trị hoàn lại ở lãi suất cam kết ở năm 15 | D69: =ROUND(IF(AND('Tinh phi QL'!H13=0,'Tinh phi QL'!B12="Khỏe Trọn Vẹn - Bền Vững"),KTVBVGTTKcamket!M21*1000,IF(AND('Tinh phi QL'!H13=0,'Tinh phi QL'!B12="Khỏe Trọn Vẹn - Tối Ưu"),KTVTUGTTKcamket!M21*1000,IF(AND('Tinh phi QL'!H13=0,'Tinh phi QL'!B12="Khỏe Trọn Vẹn - Toàn diện"),KTVTDGTTKcamket!M21*1000,IF(AND('Tinh phi QL'!H13=0,'Tinh phi QL'!B12="Khỏe Trọn Vẹn - Trọn đời"),KTVTRDGTTKcamket!M21*1000,IF(AND('Tinh phi QL'!H12=0,'Tinh phi QL'!B13="Vững Tương lai"),VTLGTTKcamket!M21*1000,IF(AND('Tinh phi QL'!H12=0,'Tinh phi QL'!B13="Khỏe bình an"),KBAGTTKcamket!M21*1000,0)))))),-3) -> 96509000
B70: Giá trị hoàn lại ở lãi suất cam kết ở năm 20 | D70: =ROUND(IF(AND('Tinh phi QL'!H13=0,'Tinh phi QL'!B12="Khỏe Trọn Vẹn - Bền Vững"),KTVBVGTTKcamket!M26*1000,IF(AND('Tinh phi QL'!H13=0,'Tinh phi QL'!B12="Khỏe Trọn Vẹn - Toàn diện"),KTVTDGTTKcamket!M26*1000,IF(AND('Tinh phi QL'!H13=0,'Tinh phi QL'!B12="Khỏe Trọn Vẹn - Tối Ưu"),KTVTUGTTKcamket!M26*1000,IF(AND('Tinh phi QL'!H13=0,'Tinh phi QL'!B12="Khỏe Trọn Vẹn - Trọn đời"),KTVTRDGTTKcamket!M26*1000,IF(AND('Tinh phi QL'!H12=0,'Tinh phi QL'!B13="Vững Tương lai"),VTLGTTKcamket!M26*1000,IF(AND('Tinh phi QL'!H12=0,'Tinh phi QL'!B13="Khỏe bình an"),KBAGTTKcamket!M26*1000,0)))))),-3) -> 116342000
B71: Giá trị hoàn lại ở lãi suất minh họa 4.6%/ năm ở năm 15 | D71: =ROUND(IF(AND('Tinh phi QL'!H13=0,'Tinh phi QL'!B12="Khỏe Trọn Vẹn - Bền Vững"),KTVBVGTTKMH!M21*1000,IF(AND('Tinh phi QL'!H13=0,'Tinh phi QL'!B12="Khỏe Trọn Vẹn - Toàn diện"),KTVTDGTTKMH!M21*1000,IF(AND('Tinh phi QL'!H13=0,'Tinh phi QL'!B12="Khỏe Trọn Vẹn - Tối Ưu"),KTVTUGTTKMH!M21*1000,IF(AND('Tinh phi QL'!H13=0,'Tinh phi QL'!B12="Khỏe Trọn Vẹn - Trọn đời"),KTVTRDGTTKMH!M21*1000,IF(AND('Tinh phi QL'!H12=0,'Tinh phi QL'!B13="Vững Tương lai"),VTLGTTKMH!M21*1000,IF(AND('Tinh phi QL'!H12=0,'Tinh phi QL'!B13="Khỏe bình an"),KBAGTTKMH!M21*1000,0)))))),-3) -> 127283000
B72: Giá trị hoàn lại ở lãi suất minh họa 4.6%/ năm ở năm 20 | D72: =ROUND(IF(AND('Tinh phi QL'!H13=0,'Tinh phi QL'!B12="Khỏe Trọn Vẹn - Bền Vững"),KTVBVGTTKMH!M26*1000,IF(AND('Tinh phi QL'!H13=0,'Tinh phi QL'!B12="Khỏe Trọn Vẹn - Toàn diện"),KTVTDGTTKMH!M26*1000,IF(AND('Tinh phi QL'!H13=0,'Tinh phi QL'!B12="Khỏe Trọn Vẹn - Tối Ưu"),KTVTUGTTKMH!M26*1000,IF(AND('Tinh phi QL'!H13=0,'Tinh phi QL'!B12="Khỏe Trọn Vẹn - Trọn đời"),KTVTRDGTTKMH!M26*1000,IF(AND('Tinh phi QL'!H12=0,'Tinh phi QL'!B13="Vững Tương lai"),VTLGTTKMH!M26*1000,IF(AND('Tinh phi QL'!H12=0,'Tinh phi QL'!B13="Khỏe bình an"),KBAGTTKMH!M26*1000,0)))))),-3) -> 181045000
B73: "Tham gia bảo hiểm không phải vì ai đó sẽ ra đi, tham gia bảo hiểm là vì ai đó sẽ phải tiếp tục sống''_Harish Mishra
B75: Về AIA Việt Nam | D75: 200+
D77: Văn phòng trên toàn quốc
B78: AIA Việt Nam là thành viên của Tập đoàn AIA - tập đoàn bảo hiểm nhân thọ độc lập, có nguồn gốc châu Á lớn nhất thế giới được niêm yết. Được thành lập vào năm 2000 với mục tiêu bảo vệ sự phồn thịnh và an toàn tài chính cho người dân Việt Nam, AIA Việt Nam hiện đang là một trong những công ty bảo hiểm nhân thọ hàng đầu và là thương hiệu được khách hàng và công chúng tin cậy.
D79: 03
D81: Ngân hàng đối tác
D83: 1.6 Triệu
D85: Khách hàng được bảo vệ
D87: 1
D89: Số 1 thế giới về số lượng thành viên MDRT

Sheet Than so hoc
A3: BÁO CÁO THẦN SỐ HỌC
A5: Dựa theo cuốn sách: Thần Số Học Ứng Dụng_Joy Woodward
A7: Ngày lập báo cáo: | H7: =TODAY() -> 46229
A9: Họ và tên: | D9: =CHUNG!K4 -> TRAN | E9: =CHUNG!R4 -> VAN | F9: =CHUNG!Y4 -> HUY | G9: =CHUNG!AF4 | H9: =CHUNG!AM4 | I9: =CHUNG!AT4
A10: Ngày tháng năm sinh: | D10: =CHUNG!C4 -> 15 | E10: =CHUNG!E4 -> 8 | F10: =CHUNG!H4 -> 1995
A12: THẦN SỐ HỌC LÀ GÌ?
A14: Thần số, thần số học hay còn gọi là số bí thuật là niềm tin ngụy khoa học vào mối quan hệ tín ngưỡng thần thánh và thần bí giữa các chữ số và sự kiện. Tư tưởng này cũng điều tra về sự tương quan giữa số của các chữ cái trong danh xưng với những thứ mang tính tinh thần. Tư tưởng này thông thường liên quan với siêu linh, cùng với thuật chiêm tinh và các nghệ thuật bói toán tương tự khác. Hệ thống Pythagoras Phương pháp này có thể được gọi là phương pháp thần số học phương Tây hoặc phương pháp thần số học Pitago. Pythagoras, nhà toán học và triết học người Hy Lạp sống từ năm 569–470 trước Công nguyên, được biết đến như là cha đẻ của môn số học phương Tây. Pythagoras bắt đầu lý thuyết về các con số của mình bằng cách khám phá ra mối quan hệ giữa các con số và các nốt nhạc. Ông phát hiện ra rằng dao động trong các nhạc cụ dây có thể được giải thích bằng toán học. Phương pháp Pythagore sử dụng tên và ngày sinh của một cá nhân. Số tên tiết lộ bản chất bên ngoài của cá nhân. Đây là tính cách mà họ thể hiện với thế giới bên ngoài. Để bắt đầu, bạn cần sử dụng tên đầy đủ của cá nhân như được ghi trên giấy khai sinh của họ. Sau đó, mỗi chữ cái được gán cho một số từ 1 đến 9, dựa trên hệ thống Pitago cổ đại. Các số được gán cho các chữ cái trong bảng chữ cái Latinh như sau: 1 = A,J,S 2 = B,K,T 3 = C,L,U 4 = D,M,V 5 = E,N,W 6 = F,O,X 7 = G,P,Y 8 = H,Q,Z 9 = I,R. Tiếp theo, cộng tất cả các số được liên kết với mỗi chữ cái trong tên khai sinh đầy đủ của bạn. Sau đó, con số được giảm đi cho đến khi bạn nhận được một chữ số.
A17: (Nguồn: Wikipedia)
A21: BẢNG TỔNG HỢP TỔNG QUAN
A23: Họ và tên: | D23: =D9 -> TRAN | E23: =E9 -> VAN | F23: =F9 -> HUY | G23: =G9 | H23: =H9 | I23: =I9
A24: Ngày tháng năm sinh: | D24: =D10 -> 15 | E24: =E10 -> 8 | F24: =F10 -> 1995
G25: =CHUNG!H4+G36 -> 2029 | I25: =IF(I26=11,11,IF(I26=22,4,IF(I26=33,6,IF(I26<10,I26,0)))) -> 2
A26: CON SỐ ĐƯỜNG ĐỜI | I26: =CHUNG!B12 -> 2
A27: CON SỐ VẬN MỆNH | I27: =CHUNG!K12 -> 9
A28: CON SỐ LINH HỒN | I28: =CHUNG!BB12 -> 5
A29: CON SỐ TÍNH CÁCH | I29: =CHUNG!CS12 -> 4
A30: CON SỐ NGÀY SINH | I30: =CHUNG!H17 -> 6
A31: CON SỐ THÁI ĐỘ | I31: =CHUNG!AL17 -> 5
A32: CON SỐ TRƯỞNG THÀNH | I32: =CHUNG!H22 -> 11
A33: NĂM CÁ NHÂN | I33: =CHUNG!AL22 -> 6
A34: THÁNG CÁ NHÂN | I34: =CHUNG!CA22 -> 4
A35: NĂM ĐỈNH CAO THÀNH CÔNG | F35: Đỉnh | G35: Tuổi | I35: Năm
F36: Đỉnh 1 | G36: =36-I25 -> 34 | I36: =G25 -> 2029
F37: Đỉnh 2 | G37: =G36+9 -> 43 | I37: =I36+9 -> 2038
F38: Đỉnh 3 | G38: =G37+9 -> 52 | I38: =I37+9 -> 2047
F39: Đỉnh 4 | G39: =G38+9 -> 61 | I39: =I38+9 -> 2056
A43: GIẢI NGHĨA CHI TIẾT
A45: Con số đường đời
A47: Tiết lộ con đường dặc biệt mà bạn sẽ định hướng trong cuộc đời, đường đời là con số quan trọng nhất trong hồ sơ cốt lõi, khám phá tài năng thiên bẩm, tính cách, cơ hội, bài học quan trọng.
A49: Số: | B49: =CHUNG!B12 -> 2 | D49: Ý nghĩa: | E49: =CHUNG!B13 -> TỐT BỤNG, NGOẠI GIAO TỐT
A51: =VLOOKUP('ĐƯỜNG ĐỜI'!D2,'ĐƯỜNG ĐỜI'!B2:P14,3,0) -> Tốt bụng, ngoại giao tốt và có tinh thần hợp tác đều là những đặc điểm nổi bật của con số đường đời 2. Bạn là người kiên nhẫn nhất trong tất cả các con số và cực kỳ nhạy cảm, nhạy bén và giàu cảm xúc. Cảm xúc của bạn có thể chuyển từ khóc sang cười. Cùng với sự nhạy cảm đó là những khả năng về trực giác, bạn có khả năng bẩm sinh để cảm nhận cảm xúc của người khác. Tuy nhiên bạn phải chắc chắn không hy sinh ý kiến và cảm xúc cá nhân hoặc thỏa hiệp chỉ để giữ hòa khí, vì điều này có thể tạo ra sự oán giận. Khi nói đến các mối quan hệ, bản chất kiên nhẫn, thích thỏa hiệp của bạn có thể thu hút những người cố chấp thay vì một người bạn đời phù hợp và chín chắn. Bạn khó có thể sống độc thân lâu và có thể trải qua nhiều mối tình, chuyển từ người này sang người khác. Bạn cảm thấy thoải mái khi có đôi có cặp hơn là sống một mình. Bạn là một nhà đàm phán và hòa giải bẩm sinh. Không phải lúc nào bạn cũng nhận được sự tín nhiệm hoặc công nhận mà bạn xứng đáng. Bạn có thể quan tâm quá mức đến những gì người khác nghĩ. Bạn sẽ thành công trong nghề nghiệp cho phép bạn giúp đỡ người khác, các lĩnh vực như hòa giải, giảng dạy hoặc tư vấn. Con số đường đời 2 cũng là những người có khiếu thẩm mỹ đặc biệt. Họ có thể áp dụng kỹ năng này vào công việc thiết kế hoặc các hoạt động nghệ thuật. Họ cũng có thể thể hiện kỹ năng đàm phán mạnh mẽ và thể hiện sự thông minh trong lĩnh vực chính trị hoặc luật pháp. Mức độ nhạy cảm của con số đường đời này mở rộng đối với tất cả các loại chất gây dị ứng, bao gồm thực phẩm, sản phẩm chăm sóc da và tóc, bụi, hóa chất, dược phẩm và nhiều loại khác. Các vấn đề sức khỏe khác có thể gồm lo lắng thái quá, trầm cảm và các vấn đề về dạ dày. Số 2 có dáng cong và cho thấy sự thỏa hiệp, vì vậy bạn cần phải học cách đứng lên bảo vệ chính mình.
A67: Con số vận mệnh
A68: Tiết lộ khả năng tinh thần và thể chất, thể hiện mục tiêu, mẫu người bạn muốn trở thành.
A69: Số: | B69: =CHUNG!K12 -> 9 | D69: Ý nghĩa: | E69: =CHUNG!K13 -> NGƯỜI CÓ TẤM LÒNG NHÂN ĐẠO
A71: =VLOOKUP('VẬN MỆNH'!D2,'VẬN MỆNH'!B2:P14,3,0) -> Bạn có thể thu phục hầu hết mọi người bằng khiếu hài hước; tính cách hướng ngoại & sự quyến rũ của mình. Bạn là người có tầm nhìn xa và có thể truyền cảm hứng cho những người khác tham gia vào một phong trào giúp thế giới trở nên tốt đẹp hơn. Bạn có thể lý tưởng hóa mọi thứ và thậm chí ngây thơ về động cơ của người khác. Bạn là người dễ gây ấn tượng và dễ hình thành thói quen, có thể bao gồm lạm dụng chất kích thích. Bạn là người kiên nhẫn, nhân ái & lãng mạn. Bạn muốn được thế giới công nhận & bí mật tìm kiếm sự nổi tiếng. Chia sẻ tài năng của mình, giúp đỡ nhân loại, dạy dỗ, tư vấn & chữa lành cho mọi người là những điều nuôi dưỡng tâm hồn bạn. Trong khi theo đuổi mong muốn giải cứu thế giới, hãy đảm bảo bạn không bỏ bê những người thân thiết của mình. Mặt tối tính cách của bạn có thể là tính chiếm hữu, ủ rũ, nhút nhát, ngây thơ & dễ bồn chồn. Là người nghiện mua sắm, bạn rất dễ phung phí tiền bạc.
A93: Con số linh hồn
A94: Quy định các quyết định do trái tim đưa ra, nơi chứa đựng ước mơ, mong muốn, khao khát.
A95: Số: | B95: =CHUNG!BB12 -> 5 | D95: Ý nghĩa: | E95: =CHUNG!BB13 -> NGƯỜI CÓ TÂM HỒN TỰ DO
A97: =VLOOKUP('LINH HỒN'!D2,'LINH HỒN'!B2:P14,3,0) -> Tự do là yếu tố cần thiết cho hạnh phúc của con số linh hồn 5. Với niềm đam mê sâu sắc đối với sự thay đổi, du lịch và phiêu lưu, bạn tìm kiếm cảm giác không bị gò bó, giới hạn trong các mối quan hệ. Nhóm này khó giữ lời hứa và cũng không tuân thủ tốt các yêu cầu mệnh lệnh. Số 5 thường bị chi phối bởi các giác quan nên quan hệ tình dục là điều đặc biệt quan trọng với nhóm này. Bạn luôn muốn sự đa dạng và điều đó mở rộng đến cả phòng ngủ. Những thú vui cảm xúc mang đến cho bạn niềm hạnh phúc nhưng cũng có thể dẫn đến sự vô độ và lạm dụng. Con số linh hồn 5 thường có xu hướng kết hôn muộn hơn. Họ chống lại những ràng buộc tình cảm và những cam kết lâu dài.
A114: Con số tính cách
A115: Quyết định ấn tượng đầu tiên của bạn với người khác, cũng là chỉ dẫn nghề nghiệp, thể hiện tài năng, khả năng thiên bẩm.
A116: Số: | B116: =CHUNG!CS12 -> 4 | D116: Ý nghĩa: | E116: =CHUNG!CS13 -> ĐÁNG TIN CẬY VÀ NHẤT QUÁN
A118: =VLOOKUP('TÍNH CÁCH'!D2,'TÍNH CÁCH'!B2:P13,3,0) -> Có vẻ ngoài thực tế, đáng kính, bảo thủ, đáng tin cậy, có trách nhiệm, dè dặt, không linh hoạt, tự cao tự đại.
A138: Con số ngày sinh
A139: Thể hiện tài năng và bài học
A140: Số: | B140: =CHUNG!H17 -> 6
A142: =VLOOKUP('NGÀY SINH'!C2,'NGÀY SINH'!B2:O13,2,0) -> Bạn có trách nhiệm và hướng về gia đình. Bạn cũng yêu động vật. Trung thành, cầu toàn và chu đáo đều là 1 phần bản chất của bạn (mặc dù bạn có xu hướng can thiệp vào những công việc không phải của mình). Bạn sẽ học được cách vượt qua sự phản bội và chỉ quan tâm đến việc của bản thân mình.
A158: Con số thái độ
A159: Ai cũng có 1 thái độ riêng và ảnh hưởng đến chu kỳ cá nhân (cuộc đời, sự nghiệp)
A160: Số: | B160: =CHUNG!AL17 -> 5
A161: =VLOOKUP('THÁI ĐỘ'!C2,'THÁI ĐỘ'!B2:O14,2,0) -> Bạn sử dụng sức hút của mình để điều hướng và đạt được những gì bạn muốn trong cuộc sống. Bạn thích cuộc sống phiêu lưu, thú vị với nhịp sống nhanh, bạn dường như không sợ gì và luôn tìm kiếm sự nhanh chóng, đôi khi vội vàng. Bạn hoạt động tốt nhất trong môi trường luôn thay đổi, năng động và thậm chí hỗn loạn. Người khác sẽ chú ý đến việc bạn không thỏa hiệp với sự buồn chán.
A178: Con số trưởng thành
A179: Cảm nhận mạnh mẽ khi 40-50 tuổi. Tìm thấy con người thật, thoải mái khi là chính mình
A180: Số: | B180: =CHUNG!H22 -> 11
A181: =VLOOKUP('TRƯỞNG THÀNH'!C2,'TRƯỞNG THÀNH'!B2:O14,2,0) -> Số 11 sẽ có thêm những trải nghiệm trực giác và tâm linh đáng kinh ngạc khi già đi. Hãy tin vào cảm nhận của bạn. Sự nhạy cảm và khả năng phán đoán tính cách của bạn sẽ ngày càng sâu sắc. Bạn sẽ phân biệt đối xử rõ với những người mà bạn cho phép bước vào thế giới của mình và kết quả là những mối quan hệ lâu dài.
A197: Tháng cá nhân
A198: Xem tháng hiện tại là tháng | D198: =CHUNG!BW20 -> 7 | E198: thì có điều gì cần lưu ý.
A199: Số: | B199: =CHUNG!CA22 -> 4
A201: =VLOOKUP('THÁNG CÁ NHÂN'!C2,'THÁNG CÁ NHÂN'!B2:O11,2,0) -> Đừng trì hoãn! Hãy quan tâm đến chi tiết và bất kỳ điều gì bạn chưa hoàn thiện. Luôn quan tâm đến sức khỏe của bạn.
A203: Năm cá nhân
A204: Liên quan đến năm hiện tại | D204: =CHUNG!AE20 -> 2026 | E204: xem dự đoán năm nay nên lưu ý điều gì.
A205: Số: | B205: =CHUNG!AL22 -> 6
A207: =VLOOKUP('NĂM CÁ NHÂN'!D2,'NĂM CÁ NHÂN'!B2:P13,3,0) -> Năm cá nhân 6 của bạn kiểm soát quan hệ hôn nhân, việc sinh con hay liên quan đến cái chết, gia đình, nhà cửa và thậm chí cả vật nuôi của bạn. Bản chất ma quỷ/thiên thần của số 6 cũng áp dụng cho năm này. Năm 6 cũng kiểm soát việc học hành, vì vậy bạn có thể thấy mình quay trở lại trường học hoặc tham gia các lớp học hoặc hội thảo vào cuối tuần. Đây là 1 năm tuyệt vời để học được điều gì đó mới. Từ tính cá nhân của bạn rất mạnh trong năm nay, vì vậy đây có thể là một năm thành công của mối quan hệ lãng mạn và chinh phục. Bạn có thể thấy một vài điều tốt nhất và một vài sự kiện khó khăn nhất về mặt cảm xúc trong cuộc đời bạn sẽ xảy ra trong năm 6. Bạn có thể kết hôn, và vài tháng sau, mất một vài người thân hoặc thú cưng.
A210: Biểu đồ mũi tên sức mạnh
A211: Xem xét thế mạnh, ưu điểm, yếu điểm của bản thân để phát huy hoặc xem xét bồi bổ thêm qua các mũi tên sức mạnh
A212: Ưu điểm nổi bật:
A213: =IF(OR('BIỂU ĐỒ'!C3="CÓ",'BIỂU ĐỒ'!D3="CÓ"),"Kiên định, lòng quyết tâm, sự kiên trì, ý chí, động lực hoặc khả năng vượt qua nghịch cảnh."," ") -> Kiên định, lòng quyết tâm, sự kiên trì, ý chí, động lực hoặc khả năng vượt qua nghịch cảnh.
A214: =IF(OR('BIỂU ĐỒ'!C5="CÓ",'BIỂU ĐỒ'!D5="CÓ"),"Có lòng đồng cảm, thiên tính, niềm tin tâm linh mạnh mẽ và trực giác ẩn giấu."," ")
A215: =IF(OR('BIỂU ĐỒ'!C7="CÓ",'BIỂU ĐỒ'!D7="CÓ"),"Có trí tuệ: Thông minh, logic, có trí nhớ đặc biệt, người nghiên cứu, giải quyết vấn đề."," ")
A216: =IF(OR('BIỂU ĐỒ'!C9="CÓ",'BIỂU ĐỒ'!D9="CÓ"),"Cân bằng: Cảm xúc bị khuếch đại, cảm thông, nghiêm túc."," ")
A217: =IF(OR('BIỂU ĐỒ'!C11="CÓ",'BIỂU ĐỒ'!D11="CÓ"),"Có tính thực tiễn: Âm nhạc, sáng tạo, các công việc tay chân, trách nhiệm tài chính."," ") -> Có tính thực tiễn: Âm nhạc, sáng tạo, các công việc tay chân, trách nhiệm tài chính.
A218: =IF(OR('BIỂU ĐỒ'!C13="CÓ",'BIỂU ĐỒ'!D13="CÓ"),"Hay lập kế hoạch: Có tổ chức, kỷ luật, có kỹ năng, thành công."," ") -> Hay lập kế hoạch: Có tổ chức, kỷ luật, có kỹ năng, thành công.
A219: =IF(OR('BIỂU ĐỒ'!C15="CÓ",'BIỂU ĐỒ'!D15="CÓ"),"Thể hiện ý chí: Quyết đoán, ý chí mạnh, tập trung, kiên trì, vững vàng."," ")
A220: =IF(OR('BIỂU ĐỒ'!C17="CÓ",'BIỂU ĐỒ'!D17="CÓ"),"Có sức chịu đựng, dẻo dai, năng lượng, hoạt động."," ") -> Có sức chịu đựng, dẻo dai, năng lượng, hoạt động.
A222: Nên được xem xét:
A224: =IF(AND('BIỂU ĐỒ'!C11="KHÔNG",'BIỂU ĐỒ'!D11="KHÔNG"),"Hay trì hoãn: Thiếu động lực, thiếu quyết đoán, nhút nhát, thờ ơ và dễ đầu hàng.."," ")
A225: =IF(AND('BIỂU ĐỒ'!C5="KHÔNG",'BIỂU ĐỒ'!D5="KHÔNG"),"Thiếu tinh thần tâm linh, ít nhận thức cảm xúc, luôn nghi ngờ."," ") -> Thiếu tinh thần tâm linh, ít nhận thức cảm xúc, luôn nghi ngờ.
A226: =IF(AND('BIỂU ĐỒ'!C7="KHÔNG",'BIỂU ĐỒ'!D7="KHÔNG"),"Hay quên, kém tập trung, thiếu thông cảm, không quan tâm, trốn tránh trách nhiệm."," ") -> Hay quên, kém tập trung, thiếu thông cảm, không quan tâm, trốn tránh trách nhiệm.
A227: =IF(AND('BIỂU ĐỒ'!C9="KHÔNG",'BIỂU ĐỒ'!D9="KHÔNG"),"Nhạy cảm, cảm giác tự ti, sợ hãi, khao khát được chữa lành."," ") -> Nhạy cảm, cảm giác tự ti, sợ hãi, khao khát được chữa lành.
A228: =IF(AND('BIỂU ĐỒ'!C11="KHÔNG",'BIỂU ĐỒ'!D11="KHÔNG"),"Thiếu thực tiễn: Mơ mộng, viển vông, chi tiêu quá mức, sức khỏe có vấn đề."," ")
A229: =IF(AND('BIỂU ĐỒ'!C13="KHÔNG",'BIỂU ĐỒ'!D13="KHÔNG"),"Nhầm lẫn, bối rối, thiếu tổ chức, thiếu cam kết, hiểu lầm."," ")
A230: =IF(AND('BIỂU ĐỒ'!C15="KHÔNG",'BIỂU ĐỒ'!D15="KHÔNG"),"Dễ thất vọng, thiếu quyết đoán, kháng cự sự thay đổi."," ") -> Dễ thất vọng, thiếu quyết đoán, kháng cự sự thay đổi.
A231: =IF(AND('BIỂU ĐỒ'!C17="KHÔNG",'BIỂU ĐỒ'!D17="KHÔNG"),"Hay lưỡng lự: Chần chừ, lười biếng, thiếu niềm tin, vô tổ chức."," ")
A234: Các bài học
A235: Tiết lộ năng lượng thiếu hụt trong tên của bạn. Hãy coi như đây là điều bạn cần cải thiện kỹ năng của mình.Ô trống tức là không có bài học.
A236: =IF('BÀI HỌC NGHIỆP'!C3="CÓ",VLOOKUP('BÀI HỌC NGHIỆP'!B3,'BÀI HỌC NGHIỆP'!$B$2:$P$11,3,0)," ")
A237: =IF('BÀI HỌC NGHIỆP'!C4="CÓ",VLOOKUP('BÀI HỌC NGHIỆP'!B4,'BÀI HỌC NGHIỆP'!$B$2:$P$11,3,0)," ")
A238: =IF('BÀI HỌC NGHIỆP'!C5="CÓ",VLOOKUP('BÀI HỌC NGHIỆP'!B5,'BÀI HỌC NGHIỆP'!$B$2:$P$11,3,0)," ")
A239: =IF('BÀI HỌC NGHIỆP'!C6="CÓ",VLOOKUP('BÀI HỌC NGHIỆP'!B6,'BÀI HỌC NGHIỆP'!$B$2:$P$11,3,0)," ")
A240: =IF('BÀI HỌC NGHIỆP'!C7="CÓ",VLOOKUP('BÀI HỌC NGHIỆP'!B7,'BÀI HỌC NGHIỆP'!$B$2:$P$11,3,0)," ")
A241: =IF('BÀI HỌC NGHIỆP'!C8="CÓ",VLOOKUP('BÀI HỌC NGHIỆP'!B8,'BÀI HỌC NGHIỆP'!$B$2:$P$11,3,0)," ") -> Thiếu F,O hoặc X: Bạn phải đối mặt với những vấn đề lớn liên quan đến tính cam kết và sự khó khăn trong thể hiện cảm xúc. Bạn né tránh 1 cách có trách nhiệm và phải nỗ lực trong việc xây dựng các mối quan hệ chân thành, dễ bị tổn thương. Có thể những vết sẹo gia đình cần được giải quyết hoặc tha thứ.
A242: =IF('BÀI HỌC NGHIỆP'!C9="CÓ",VLOOKUP('BÀI HỌC NGHIỆP'!B9,'BÀI HỌC NGHIỆP'!$B$2:$P$11,3,0)," ")
A243: =IF('BÀI HỌC NGHIỆP'!C10="CÓ",VLOOKUP('BÀI HỌC NGHIỆP'!B10,'BÀI HỌC NGHIỆP'!$B$2:$P$11,3,0)," ")
A244: =IF('BÀI HỌC NGHIỆP'!C11="CÓ",VLOOKUP('BÀI HỌC NGHIỆP'!B11,'BÀI HỌC NGHIỆP'!$B$2:$P$11,3,0)," ")
A246: Cường độ số xuất hiện trong tên
A247: Cho thấy cường độ của một người, thể hiện đặc điểm tính cách có cường độ cao hơn những con số khác. Đây là số lần xuất hiện con số trong biểu đồ tên và ý nghĩa của chúng.
A248: Số | B248: Cường độ | C248: Ý nghĩa
A249: Số 1 | B249: =CHUNG!F44 -> 2 | C249: =IF(AND(B249>=1,B249<=3),"Quyết đoán và có động lực.",IF(AND((B249>=4),B249<=5),"Mạnh mẽ, độc lập, nổi bật trong đám đông.",IF(B249>=6,"Hung hăng cạnh tranh,bướng bỉnh, hống hách, có thể hay bị đau đầu.","Thiếu tự tin và độc lập."))) -> Quyết đoán và có động lực.
A250: Số 2 | B250: =CHUNG!F45 -> 1 | C250: =IF(AND(B250>=1,B250<=2),"Chu đáo, sẵn sàng giúp đỡ, nhạy cảm.",IF(B250>2,"Khéo léo và chi tiết, có cảm nhận tốt về nhịp điệu và thời gian, gắn kết, càng nhiều số 2 càng nhạy cảm.","Thiếu kiên nhẫn, thiếu chu đáo.")) -> Chu đáo, sẵn sàng giúp đỡ, nhạy cảm.
A251: Số 3 | B251: =CHUNG!F46 -> 1 | C251: =IF(AND(B251>=1,B251<=2),"Dễ dàng thể hiện bản thân và cảm xúc của mình, đồng thời mang đến cho bạn khả năng tạo tiếng cười.",IF(B251>=3,"Tự cao, thiên về nghệ thuật, có năng khiếu ngôn từ, đôi khi hay suy nghĩ tản mạn, khó khăn trong duy trì sự tập trung.","Khó khăn trong việc giao tiếp và thể hiện bản thân. ")) -> Dễ dàng thể hiện bản thân và cảm xúc của mình, đồng thời mang đến cho bạn khả năng tạo tiếng cười.
...

Sheet VTLGTTKcamket
B2: Vững Tương Lai | H2: Quyền lợi minh họa tại mức lãi suất cam kết
B4: CHÚ Ý KIỂM TRA LẠI PHẦN TÍNH PHÍ XEM ĐÚNG TUỔI, GIỚI TÍNH, QUYỀN LỢI! | M4: Đơn vị: 000 đ
B5: Năm HĐ | C5: Năm đóng phí | D5: Tuổi | E5: Tổng phí bảo hiểm sản phẩm BHNT | F5: Phí sản phẩm BHNT đem đi đầu tư | G5: Phí bảo hiểm sản phẩm BHBK | H5: Quyền lợi tử vong/ TTTBVV
H6: Quyền lợi TTTB&VV (trước 75 tuổi)/ Tử vong | I6: Thưởng duy trì đóng phí | J6: GTTK cơ bản | K6: GTTK đóng thêm | L6: GTTK hợp đồng | M6: Giá trị hoàn lại của hợp đồng
B7: 1 | C7: =IF(ROW(A1)>'Tinh phi QL'!$D$13,"",ROW(A1)) -> 1 | D7: ='Tinh phi QL'!I8 -> 30 | E7: =IF(IFERROR(--TRIM(C7),0)=0,0,'Tinh phi QL'!$H$13/1000) -> 10000 | F7: =E7*50% -> 5000 | G7: =KTVBVPhi20nam!AI4 -> 6571 | H7: =MAX('Tinh phi QL'!$E$13/1000,J7)+K7 -> 1000000 | J7: =IF(VLOOKUP(B7,VTL20namcamket!$B$4:$M$243,10,0)<=0,"Mất hiệu lực",VLOOKUP(B7,VTL20namcamket!$B$4:$M$243,10,0)) -> 3265.5581 | L7: =J7 -> 3265.5581 | M7: =IF(L7-100%*E7>0,L7-100%*E7,0) -> 0
B8: 2 | C8: =IF(ROW(A2)>'Tinh phi QL'!$D$13,"",ROW(A2)) -> 2 | D8: =D7+1 -> 31 | E8: =IF(IFERROR(--TRIM(C8),0)=0,0,'Tinh phi QL'!$H$13/1000) -> 10000 | F8: =E8*70% -> 7000 | G8: =KTVBVPhi20nam!AI5 -> 6571 | H8: =MAX('Tinh phi QL'!$E$13/1000,J8)+K8 -> 1000000 | J8: =IF(VLOOKUP(B8,VTL20namcamket!$B$4:$M$243,10,0)<=0,"Mất hiệu lực",VLOOKUP(B8,VTL20namcamket!$B$4:$M$243,10,0)) -> 8636.4066 | L8: =J8 -> 8636.4066 | M8: =IF(L8-100%*E8>0,L8-100%*E8,0) -> 0
B9: 3 | C9: =IF(ROW(A3)>'Tinh phi QL'!$D$13,"",ROW(A3)) -> 3 | D9: =D8+1 -> 32 | E9: =IF(IFERROR(--TRIM(C9),0)=0,0,'Tinh phi QL'!$H$13/1000) -> 10000 | F9: =E9*80% -> 8000 | G9: =KTVBVPhi20nam!AI6 -> 6571 | H9: =MAX('Tinh phi QL'!$E$13/1000,J9)+K9 -> 1000000 | J9: =IF(VLOOKUP(B9,VTL20namcamket!$B$4:$M$243,10,0)<=0,"Mất hiệu lực",VLOOKUP(B9,VTL20namcamket!$B$4:$M$243,10,0)) -> 15151.801 | L9: =J9 -> 15151.801 | M9: =L9-45%*E9 -> 10651.801
B10: 4 | C10: =IF(ROW(A4)>'Tinh phi QL'!$D$13,"",ROW(A4)) -> 4 | D10: =D9+1 -> 33 | E10: =IF(IFERROR(--TRIM(C10),0)=0,0,'Tinh phi QL'!$H$13/1000) -> 10000 | F10: =E10*80% -> 8000 | G10: =KTVBVPhi20nam!AI7 -> 6571 | H10: =MAX('Tinh phi QL'!$E$13/1000,J10)+K10 -> 1000000 | J10: =IF(VLOOKUP(B10,VTL20namcamket!$B$4:$M$243,10,0)<=0,"Mất hiệu lực",VLOOKUP(B10,VTL20namcamket!$B$4:$M$243,10,0)) -> 21527.822 | L10: =J10 -> 21527.822 | M10: =L10-30%*E10 -> 18527.822
B11: 5 | C11: =IF(ROW(A5)>'Tinh phi QL'!$D$13,"",ROW(A5)) -> 5 | D11: =D10+1 -> 34 | E11: =IF(IFERROR(--TRIM(C11),0)=0,0,'Tinh phi QL'!$H$13/1000) -> 10000 | F11: =E11*80% -> 8000 | G11: =KTVBVPhi20nam!AI8 -> 6571 | H11: =MAX('Tinh phi QL'!$E$13/1000,J11)+K11 -> 1000000 | I11: =VLOOKUP(B11,VTL20namcamket!$B$4:$I$243,8,0) -> 300 | J11: =IF(VLOOKUP(B11,VTL20namcamket!$B$4:$M$243,10,0)<=0,"Mất hiệu lực",VLOOKUP(B11,VTL20namcamket!$B$4:$M$243,10,0)) -> 28201.908 | L11: =J11 -> 28201.908 | M11: =L11-20%*E11 -> 26201.908
B12: 6 | C12: =IF(ROW(A6)>'Tinh phi QL'!$D$13,"",ROW(A6)) -> 6 | D12: =D11+1 -> 35 | E12: =IF(IFERROR(--TRIM(C12),0)=0,0,'Tinh phi QL'!$H$13/1000) -> 10000 | F12: =E12*98% -> 9800 | G12: =KTVBVPhi20nam!AI9 -> 7495 | H12: =MAX('Tinh phi QL'!$E$13/1000,J12)+K12 -> 1000000 | I12: =VLOOKUP(B12,VTL20namcamket!$B$4:$I$243,8,0) -> 300 | J12: =IF(VLOOKUP(B12,VTL20namcamket!$B$4:$M$243,10,0)<=0,"Mất hiệu lực",VLOOKUP(B12,VTL20namcamket!$B$4:$M$243,10,0)) -> 36582.134 | L12: =J12 -> 36582.134 | M12: =L12-0%*E12 -> 36582.134
B13: 7 | C13: =IF(ROW(A7)>'Tinh phi QL'!$D$13,"",ROW(A7)) -> 7 | D13: =D12+1 -> 36 | E13: =IF(IFERROR(--TRIM(C13),0)=0,0,'Tinh phi QL'!$H$13/1000) -> 10000 | F13: =E13*98% -> 9800 | G13: =KTVBVPhi20nam!AI10 -> 7495 | H13: =MAX('Tinh phi QL'!$E$13/1000,J13)+K13 -> 1000000 | I13: =VLOOKUP(B13,VTL20namcamket!$B$4:$I$243,8,0) -> 300 | J13: =IF(VLOOKUP(B13,VTL20namcamket!$B$4:$M$243,10,0)<=0,"Mất hiệu lực",VLOOKUP(B13,VTL20namcamket!$B$4:$M$243,10,0)) -> 44987.294 | L13: =J13 -> 44987.294 | M13: =L13 -> 44987.294
B14: 8 | C14: =IF(ROW(A8)>'Tinh phi QL'!$D$13,"",ROW(A8)) -> 8 | D14: =D13+1 -> 37 | E14: =IF(IFERROR(--TRIM(C14),0)=0,0,'Tinh phi QL'!$H$13/1000) -> 10000 | F14: =E14*98% -> 9800 | G14: =KTVBVPhi20nam!AI11 -> 7495 | H14: =MAX('Tinh phi QL'!$E$13/1000,J14)+K14 -> 1000000 | I14: =VLOOKUP(B14,VTL20namcamket!$B$4:$I$243,8,0) -> 300 | J14: =IF(VLOOKUP(B14,VTL20namcamket!$B$4:$M$243,10,0)<=0,"Mất hiệu lực",VLOOKUP(B14,VTL20namcamket!$B$4:$M$243,10,0)) -> 53404.573 | L14: =J14 -> 53404.573 | M14: =L14 -> 53404.573
B15: 9 | C15: =IF(ROW(A9)>'Tinh phi QL'!$D$13,"",ROW(A9)) -> 9 | D15: =D14+1 -> 38 | E15: =IF(IFERROR(--TRIM(C15),0)=0,0,'Tinh phi QL'!$H$13/1000) -> 10000 | F15: =E15*98% -> 9800 | G15: =KTVBVPhi20nam!AI12 -> 7495 | H15: =MAX('Tinh phi QL'!$E$13/1000,J15)+K15 -> 1000000 | I15: =VLOOKUP(B15,VTL20namcamket!$B$4:$I$243,8,0) -> 300 | J15: =IF(VLOOKUP(B15,VTL20namcamket!$B$4:$M$243,10,0)<=0,"Mất hiệu lực",VLOOKUP(B15,VTL20namcamket!$B$4:$M$243,10,0)) -> 61761.06 | L15: =J15 -> 61761.06 | M15: =L15 -> 61761.06
B16: 10 | C16: =IF(ROW(A10)>'Tinh phi QL'!$D$13,"",ROW(A10)) -> 10 | D16: =D15+1 -> 39 | E16: =IF(IFERROR(--TRIM(C16),0)=0,0,'Tinh phi QL'!$H$13/1000) -> 10000 | F16: =E16*98% -> 9800 | G16: =KTVBVPhi20nam!AI13 -> 7495 | H16: =MAX('Tinh phi QL'!$E$13/1000,J16)+K16 -> 1000000 | I16: =VLOOKUP(B16,VTL20namcamket!$B$4:$I$243,8,0) -> 300 | J16: =IF(VLOOKUP(B16,VTL20namcamket!$B$4:$M$243,10,0)<=0,"Mất hiệu lực",VLOOKUP(B16,VTL20namcamket!$B$4:$M$243,10,0)) -> 70035.254 | L16: =J16 -> 70035.254 | M16: =L16 -> 70035.254
B17: 11 | C17: =IF(ROW(A11)>'Tinh phi QL'!$D$13,"",ROW(A11)) -> 11 | D17: =D16+1 -> 40 | E17: =IF(IFERROR(--TRIM(C17),0)=0,0,'Tinh phi QL'!$H$13/1000) -> 10000 | F17: =E17 -> 10000 | G17: =KTVBVPhi20nam!AI14 -> 8533 | H17: =MAX('Tinh phi QL'!$E$13/1000,J17)+K17 -> 1000000 | I17: =VLOOKUP(B17,VTL20namcamket!$B$4:$I$243,8,0) -> 300 | J17: =IF(VLOOKUP(B17,VTL20namcamket!$B$4:$M$243,10,0)<=0,"Mất hiệu lực",VLOOKUP(B17,VTL20namcamket!$B$4:$M$243,10,0)) -> 78078.252 | L17: =J17 -> 78078.252 | M17: =L17 -> 78078.252
B18: 12 | C18: =IF(ROW(A12)>'Tinh phi QL'!$D$13,"",ROW(A12)) -> 12 | D18: =D17+1 -> 41 | E18: =IF(IFERROR(--TRIM(C18),0)=0,0,'Tinh phi QL'!$H$13/1000) -> 10000 | F18: =E18 -> 10000 | G18: =KTVBVPhi20nam!AI15 -> 8533 | H18: =MAX('Tinh phi QL'!$E$13/1000,J18)+K18 -> 1000000 | I18: =VLOOKUP(B18,VTL20namcamket!$B$4:$I$243,8,0) -> 300 | J18: =IF(VLOOKUP(B18,VTL20namcamket!$B$4:$M$243,10,0)<=0,"Mất hiệu lực",VLOOKUP(B18,VTL20namcamket!$B$4:$M$243,10,0)) -> 86023.672 | L18: =J18 -> 86023.672 | M18: =L18 -> 86023.672
B19: 13 | C19: =IF(ROW(A13)>'Tinh phi QL'!$D$13,"",ROW(A13)) -> 13 | D19: =D18+1 -> 42 | E19: =IF(IFERROR(--TRIM(C19),0)=0,0,'Tinh phi QL'!$H$13/1000) -> 10000 | F19: =E19 -> 10000 | G19: =KTVBVPhi20nam!AI16 -> 8533 | H19: =MAX('Tinh phi QL'!$E$13/1000,J19)+K19 -> 1000000 | I19: =VLOOKUP(B19,VTL20namcamket!$B$4:$I$243,8,0) -> 300 | J19: =IF(VLOOKUP(B19,VTL20namcamket!$B$4:$M$243,10,0)<=0,"Mất hiệu lực",VLOOKUP(B19,VTL20namcamket!$B$4:$M$243,10,0)) -> 93859.146 | L19: =J19 -> 93859.146 | M19: =L19 -> 93859.146
B20: 14 | C20: =IF(ROW(A14)>'Tinh phi QL'!$D$13,"",ROW(A14)) -> 14 | D20: =D19+1 -> 43 | E20: =IF(IFERROR(--TRIM(C20),0)=0,0,'Tinh phi QL'!$H$13/1000) -> 10000 | F20: =E20 -> 10000 | G20: =KTVBVPhi20nam!AI17 -> 8533 | H20: =MAX('Tinh phi QL'!$E$13/1000,J20)+K20 -> 1000000 | I20: =VLOOKUP(B20,VTL20namcamket!$B$4:$I$243,8,0) -> 300 | J20: =IF(VLOOKUP(B20,VTL20namcamket!$B$4:$M$243,10,0)<=0,"Mất hiệu lực",VLOOKUP(B20,VTL20namcamket!$B$4:$M$243,10,0)) -> 101565.22 | L20: =J20 -> 101565.22 | M20: =L20 -> 101565.22
B21: 15 | C21: =IF(ROW(A15)>'Tinh phi QL'!$D$13,"",ROW(A15)) -> 15 | D21: =D20+1 -> 44 | E21: =IF(IFERROR(--TRIM(C21),0)=0,0,'Tinh phi QL'!$H$13/1000) -> 10000 | F21: =E21 -> 10000 | G21: =KTVBVPhi20nam!AI18 -> 8533 | H21: =MAX('Tinh phi QL'!$E$13/1000,J21)+K21 -> 1000000 | I21: =VLOOKUP(B21,VTL20namcamket!$B$4:$I$243,8,0) -> 300 | J21: =IF(VLOOKUP(B21,VTL20namcamket!$B$4:$M$243,10,0)<=0,"Mất hiệu lực",VLOOKUP(B21,VTL20namcamket!$B$4:$M$243,10,0)) -> 109129.83 | L21: =J21 -> 109129.83 | M21: =L21 -> 109129.83
B22: 16 | C22: =IF(ROW(A16)>'Tinh phi QL'!$D$13,"",ROW(A16)) -> 16 | D22: =D21+1 -> 45 | E22: =IF(IFERROR(--TRIM(C22),0)=0,0,'Tinh phi QL'!$H$13/1000) -> 10000 | F22: =E22 -> 10000 | G22: =KTVBVPhi20nam!AI19 -> 10469 | H22: =MAX('Tinh phi QL'!$E$13/1000,J22)+K22 -> 1000000 | I22: =VLOOKUP(B22,VTL20namcamket!$B$4:$I$243,8,0) -> 300 | J22: =IF(VLOOKUP(B22,VTL20namcamket!$B$4:$M$243,10,0)<=0,"Mất hiệu lực",VLOOKUP(B22,VTL20namcamket!$B$4:$M$243,10,0)) -> 115955.27 | L22: =J22 -> 115955.27 | M22: =L22 -> 115955.27
B23: 17 | C23: =IF(ROW(A17)>'Tinh phi QL'!$D$13,"",ROW(A17)) -> 17 | D23: =D22+1 -> 46 | E23: =IF(IFERROR(--TRIM(C23),0)=0,0,'Tinh phi QL'!$H$13/1000) -> 10000 | F23: =E23 -> 10000 | G23: =KTVBVPhi20nam!AI20 -> 10469 | H23: =MAX('Tinh phi QL'!$E$13/1000,J23)+K23 -> 1000000 | I23: =VLOOKUP(B23,VTL20namcamket!$B$4:$I$243,8,0) -> 300 | J23: =IF(VLOOKUP(B23,VTL20namcamket!$B$4:$M$243,10,0)<=0,"Mất hiệu lực",VLOOKUP(B23,VTL20namcamket!$B$4:$M$243,10,0)) -> 122566.39 | L23: =J23 -> 122566.39 | M23: =L23 -> 122566.39
B24: 18 | C24: =IF(ROW(A18)>'Tinh phi QL'!$D$13,"",ROW(A18)) -> 18 | D24: =D23+1 -> 47 | E24: =IF(IFERROR(--TRIM(C24),0)=0,0,'Tinh phi QL'!$H$13/1000) -> 10000 | F24: =E24 -> 10000 | G24: =KTVBVPhi20nam!AI21 -> 10469 | H24: =MAX('Tinh phi QL'!$E$13/1000,J24)+K24 -> 1000000 | I24: =VLOOKUP(B24,VTL20namcamket!$B$4:$I$243,8,0) -> 300 | J24: =IF(VLOOKUP(B24,VTL20namcamket!$B$4:$M$243,10,0)<=0,"Mất hiệu lực",VLOOKUP(B24,VTL20namcamket!$B$4:$M$243,10,0)) -> 128951.42 | L24: =J24 -> 128951.42 | M24: =L24 -> 128951.42
B25: 19 | C25: =IF(ROW(A19)>'Tinh phi QL'!$D$13,"",ROW(A19)) -> 19 | D25: =D24+1 -> 48 | E25: =IF(IFERROR(--TRIM(C25),0)=0,0,'Tinh phi QL'!$H$13/1000) -> 10000 | F25: =E25 -> 10000 | G25: =KTVBVPhi20nam!AI22 -> 10469 | H25: =MAX('Tinh phi QL'!$E$13/1000,J25)+K25 -> 1000000 | I25: =VLOOKUP(B25,VTL20namcamket!$B$4:$I$243,8,0) -> 300 | J25: =IF(VLOOKUP(B25,VTL20namcamket!$B$4:$M$243,10,0)<=0,"Mất hiệu lực",VLOOKUP(B25,VTL20namcamket!$B$4:$M$243,10,0)) -> 135091.63 | L25: =J25 -> 135091.63 | M25: =L25 -> 135091.63
B26: 20 | C26: =IF(ROW(A20)>'Tinh phi QL'!$D$13,"",ROW(A20)) -> 20 | D26: =D25+1 -> 49 | E26: =IF(IFERROR(--TRIM(C26),0)=0,0,'Tinh phi QL'!$H$13/1000) -> 10000 | F26: =E26 -> 10000 | G26: =KTVBVPhi20nam!AI23 -> 10469 | H26: =MAX('Tinh phi QL'!$E$13/1000,J26)+K26 -> 1000000 | I26: =VLOOKUP(B26,VTL20namcamket!$B$4:$I$243,8,0) -> 300 | J26: =IF(VLOOKUP(B26,VTL20namcamket!$B$4:$M$243,10,0)<=0,"Mất hiệu lực",VLOOKUP(B26,VTL20namcamket!$B$4:$M$243,10,0)) -> 140954.51 | L26: =J26 -> 140954.51 | M26: =L26 -> 140954.51

Sheet VTLGTTKMH
B2: Vững Tương Lai | F2: Quyền lợi minh họa tại mức lãi suất minh họa (đang mặc định để ở 4.6%, chỉ cần thay đổi thành 3% hoặc % bất kỳ!) | M2: 0.046
B4: CHÚ Ý KIỂM TRA LẠI PHẦN TÍNH PHÍ XEM ĐÚNG TUỔI, GIỚI TÍNH, QUYỀN LỢI! | M4: Đơn vị: 000 đ
B5: Năm HĐ | C5: Năm đóng phí | D5: Tuổi | E5: Tổng phí bảo hiểm sản phẩm BHNT | F5: Phí sản phẩm BHNT đem đi đầu tư | G5: Phí bảo hiểm sản phẩm BHBK | H5: Quyền lợi tử vong/ TTTBVV
H6: Quyền lợi TTTB&VV (trước 75 tuổi)/ Tử vong | I6: Thưởng duy trì đóng phí | J6: GTTK cơ bản | K6: GTTK đóng thêm | L6: GTTK hợp đồng | M6: Giá trị hoàn lại của hợp đồng
B7: 1 | C7: =IF(ROW(A1)>'Tinh phi QL'!$D$13,"",ROW(A1)) -> 1 | D7: ='Tinh phi QL'!I8 -> 30 | E7: =IF(IFERROR(--TRIM(C7),0)=0,0,'Tinh phi QL'!$H$13/1000) -> 10000 | F7: =E7*50% -> 5000 | G7: =VTLGTTKcamket!G7 -> 6571 | H7: =MAX('Tinh phi QL'!$E$13/1000,J7)+K7 -> 1000000 | J7: =IF(VLOOKUP(B7,VTL20namMH!$B$4:$M$243,10,0)<=0,"Mất hiệu lực",VLOOKUP(B7,VTL20namMH!$B$4:$M$243,10,0)) -> 3309.5585 | L7: =J7 -> 3309.5585 | M7: =IF(L7-100%*E7>0,L7-100%*E7,0) -> 0
B8: 2 | C8: =IF(ROW(A2)>'Tinh phi QL'!$D$13,"",ROW(A2)) -> 2 | D8: =D7+1 -> 31 | E8: =IF(IFERROR(--TRIM(C8),0)=0,0,'Tinh phi QL'!$H$13/1000) -> 10000 | F8: =E8*70% -> 7000 | G8: =VTLGTTKcamket!G8 -> 6571 | H8: =MAX('Tinh phi QL'!$E$13/1000,J8)+K8 -> 1000000 | J8: =IF(VLOOKUP(B8,VTL20namMH!$B$4:$M$243,10,0)<=0,"Mất hiệu lực",VLOOKUP(B8,VTL20namMH!$B$4:$M$243,10,0)) -> 8830.5162 | L8: =J8 -> 8830.5162 | M8: =IF(L8-100%*E8>0,L8-100%*E8,0) -> 0
B9: 3 | C9: =IF(ROW(A3)>'Tinh phi QL'!$D$13,"",ROW(A3)) -> 3 | D9: =D8+1 -> 32 | E9: =IF(IFERROR(--TRIM(C9),0)=0,0,'Tinh phi QL'!$H$13/1000) -> 10000 | F9: =E9*80% -> 8000 | G9: =VTLGTTKcamket!G9 -> 6571 | H9: =MAX('Tinh phi QL'!$E$13/1000,J9)+K9 -> 1000000 | J9: =IF(VLOOKUP(B9,VTL20namMH!$B$4:$M$243,10,0)<=0,"Mất hiệu lực",VLOOKUP(B9,VTL20namMH!$B$4:$M$243,10,0)) -> 15604.777 | L9: =J9 -> 15604.777 | M9: =L9-45%*E9 -> 11104.777
B10: 4 | C10: =IF(ROW(A4)>'Tinh phi QL'!$D$13,"",ROW(A4)) -> 4 | D10: =D9+1 -> 33 | E10: =IF(IFERROR(--TRIM(C10),0)=0,0,'Tinh phi QL'!$H$13/1000) -> 10000 | F10: =E10*80% -> 8000 | G10: =VTLGTTKcamket!G10 -> 6571 | H10: =MAX('Tinh phi QL'!$E$13/1000,J10)+K10 -> 1000000 | J10: =IF(VLOOKUP(B10,VTL20namMH!$B$4:$M$243,10,0)<=0,"Mất hiệu lực",VLOOKUP(B10,VTL20namMH!$B$4:$M$243,10,0)) -> 22576.34 | L10: =J10 -> 22576.34 | M10: =L10-30%*E10 -> 19576.34
B11: 5 | C11: =IF(ROW(A5)>'Tinh phi QL'!$D$13,"",ROW(A5)) -> 5 | D11: =D10+1 -> 34 | E11: =IF(IFERROR(--TRIM(C11),0)=0,0,'Tinh phi QL'!$H$13/1000) -> 10000 | F11: =E11*80% -> 8000 | G11: =VTLGTTKcamket!G11 -> 6571 | H11: =MAX('Tinh phi QL'!$E$13/1000,J11)+K11 -> 1000000 | I11: =VLOOKUP(B11,VTL20namMH!$B$4:$I$243,8,0) -> 300 | J11: =IF(VLOOKUP(B11,VTL20namMH!$B$4:$M$243,10,0)<=0,"Mất hiệu lực",VLOOKUP(B11,VTL20namMH!$B$4:$M$243,10,0)) -> 30038.173 | L11: =J11 -> 30038.173 | M11: =L11-20%*E11 -> 28038.173
B12: 6 | C12: =IF(ROW(A6)>'Tinh phi QL'!$D$13,"",ROW(A6)) -> 6 | D12: =D11+1 -> 35 | E12: =IF(IFERROR(--TRIM(C12),0)=0,0,'Tinh phi QL'!$H$13/1000) -> 10000 | F12: =E12*98% -> 9800 | G12: =VTLGTTKcamket!G12 -> 7495 | H12: =MAX('Tinh phi QL'!$E$13/1000,J12)+K12 -> 1000000 | I12: =VLOOKUP(B12,VTL20namMH!$B$4:$I$243,8,0) -> 300 | J12: =IF(VLOOKUP(B12,VTL20namMH!$B$4:$M$243,10,0)<=0,"Mất hiệu lực",VLOOKUP(B12,VTL20namMH!$B$4:$M$243,10,0)) -> 39647.401 | L12: =J12 -> 39647.401 | M12: =L12 -> 39647.401
B13: 7 | C13: =IF(ROW(A7)>'Tinh phi QL'!$D$13,"",ROW(A7)) -> 7 | D13: =D12+1 -> 36 | E13: =IF(IFERROR(--TRIM(C13),0)=0,0,'Tinh phi QL'!$H$13/1000) -> 10000 | F13: =E13*98% -> 9800 | G13: =VTLGTTKcamket!G13 -> 7495 | H13: =MAX('Tinh phi QL'!$E$13/1000,J13)+K13 -> 1000000 | I13: =VLOOKUP(B13,VTL20namMH!$B$4:$I$243,8,0) -> 300 | J13: =IF(VLOOKUP(B13,VTL20namMH!$B$4:$M$243,10,0)<=0,"Mất hiệu lực",VLOOKUP(B13,VTL20namMH!$B$4:$M$243,10,0)) -> 49599.125 | L13: =J13 -> 49599.125 | M13: =L13 -> 49599.125
B14: 8 | C14: =IF(ROW(A8)>'Tinh phi QL'!$D$13,"",ROW(A8)) -> 8 | D14: =D13+1 -> 37 | E14: =IF(IFERROR(--TRIM(C14),0)=0,0,'Tinh phi QL'!$H$13/1000) -> 10000 | F14: =E14*98% -> 9800 | G14: =VTLGTTKcamket!G14 -> 7495 | H14: =MAX('Tinh phi QL'!$E$13/1000,J14)+K14 -> 1000000 | I14: =VLOOKUP(B14,VTL20namMH!$B$4:$I$243,8,0) -> 300 | J14: =IF(VLOOKUP(B14,VTL20namMH!$B$4:$M$243,10,0)<=0,"Mất hiệu lực",VLOOKUP(B14,VTL20namMH!$B$4:$M$243,10,0)) -> 59896.777 | L14: =J14 -> 59896.777 | M14: =L14 -> 59896.777
B15: 9 | C15: =IF(ROW(A9)>'Tinh phi QL'!$D$13,"",ROW(A9)) -> 9 | D15: =D14+1 -> 38 | E15: =IF(IFERROR(--TRIM(C15),0)=0,0,'Tinh phi QL'!$H$13/1000) -> 10000 | F15: =E15*98% -> 9800 | G15: =VTLGTTKcamket!G15 -> 7495 | H15: =MAX('Tinh phi QL'!$E$13/1000,J15)+K15 -> 1000000 | I15: =VLOOKUP(B15,VTL20namMH!$B$4:$I$243,8,0) -> 300 | J15: =IF(VLOOKUP(B15,VTL20namMH!$B$4:$M$243,10,0)<=0,"Mất hiệu lực",VLOOKUP(B15,VTL20namMH!$B$4:$M$243,10,0)) -> 70483.776 | L15: =J15 -> 70483.776 | M15: =L15 -> 70483.776
B16: 10 | C16: =IF(ROW(A10)>'Tinh phi QL'!$D$13,"",ROW(A10)) -> 10 | D16: =D15+1 -> 39 | E16: =IF(IFERROR(--TRIM(C16),0)=0,0,'Tinh phi QL'!$H$13/1000) -> 10000 | F16: =E16*98% -> 9800 | G16: =VTLGTTKcamket!G16 -> 7495 | H16: =MAX('Tinh phi QL'!$E$13/1000,J16)+K16 -> 1000000 | I16: =VLOOKUP(B16,VTL20namMH!$B$4:$I$243,8,0) -> 300 | J16: =IF(VLOOKUP(B16,VTL20namMH!$B$4:$M$243,10,0)<=0,"Mất hiệu lực",VLOOKUP(B16,VTL20namMH!$B$4:$M$243,10,0)) -> 81353.296 | L16: =J16 -> 81353.296 | M16: =L16 -> 81353.296
B17: 11 | C17: =IF(ROW(A11)>'Tinh phi QL'!$D$13,"",ROW(A11)) -> 11 | D17: =D16+1 -> 40 | E17: =IF(IFERROR(--TRIM(C17),0)=0,0,'Tinh phi QL'!$H$13/1000) -> 10000 | F17: =E17*100% -> 10000 | G17: =VTLGTTKcamket!G17 -> 8533 | H17: =MAX('Tinh phi QL'!$E$13/1000,J17)+K17 -> 1000000 | I17: =VLOOKUP(B17,VTL20namMH!$B$4:$I$243,8,0) -> 300 | J17: =IF(VLOOKUP(B17,VTL20namMH!$B$4:$M$243,10,0)<=0,"Mất hiệu lực",VLOOKUP(B17,VTL20namMH!$B$4:$M$243,10,0)) -> 92772.582 | L17: =J17 -> 92772.582 | M17: =L17 -> 92772.582
B18: 12 | C18: =IF(ROW(A12)>'Tinh phi QL'!$D$13,"",ROW(A12)) -> 12 | D18: =D17+1 -> 41 | E18: =IF(IFERROR(--TRIM(C18),0)=0,0,'Tinh phi QL'!$H$13/1000) -> 10000 | F18: =E18*100% -> 10000 | G18: =VTLGTTKcamket!G18 -> 8533 | H18: =MAX('Tinh phi QL'!$E$13/1000,J18)+K18 -> 1000000 | I18: =VLOOKUP(B18,VTL20namMH!$B$4:$I$243,8,0) -> 300 | J18: =IF(VLOOKUP(B18,VTL20namMH!$B$4:$M$243,10,0)<=0,"Mất hiệu lực",VLOOKUP(B18,VTL20namMH!$B$4:$M$243,10,0)) -> 104548.61 | L18: =J18 -> 104548.61 | M18: =L18 -> 104548.61
B19: 13 | C19: =IF(ROW(A13)>'Tinh phi QL'!$D$13,"",ROW(A13)) -> 13 | D19: =D18+1 -> 42 | E19: =IF(IFERROR(--TRIM(C19),0)=0,0,'Tinh phi QL'!$H$13/1000) -> 10000 | F19: =E19*100% -> 10000 | G19: =VTLGTTKcamket!G19 -> 8533 | H19: =MAX('Tinh phi QL'!$E$13/1000,J19)+K19 -> 1000000 | I19: =VLOOKUP(B19,VTL20namMH!$B$4:$I$243,8,0) -> 300 | J19: =IF(VLOOKUP(B19,VTL20namMH!$B$4:$M$243,10,0)<=0,"Mất hiệu lực",VLOOKUP(B19,VTL20namMH!$B$4:$M$243,10,0)) -> 116689.5 | L19: =J19 -> 116689.5 | M19: =L19 -> 116689.5
B20: 14 | C20: =IF(ROW(A14)>'Tinh phi QL'!$D$13,"",ROW(A14)) -> 14 | D20: =D19+1 -> 43 | E20: =IF(IFERROR(--TRIM(C20),0)=0,0,'Tinh phi QL'!$H$13/1000) -> 10000 | F20: =E20*100% -> 10000 | G20: =VTLGTTKcamket!G20 -> 8533 | H20: =MAX('Tinh phi QL'!$E$13/1000,J20)+K20 -> 1000000 | I20: =VLOOKUP(B20,VTL20namMH!$B$4:$I$243,8,0) -> 300 | J20: =IF(VLOOKUP(B20,VTL20namMH!$B$4:$M$243,10,0)<=0,"Mất hiệu lực",VLOOKUP(B20,VTL20namMH!$B$4:$M$243,10,0)) -> 129197.46 | L20: =J20 -> 129197.46 | M20: =L20 -> 129197.46
B21: 15 | C21: =IF(ROW(A15)>'Tinh phi QL'!$D$13,"",ROW(A15)) -> 15 | D21: =D20+1 -> 44 | E21: =IF(IFERROR(--TRIM(C21),0)=0,0,'Tinh phi QL'!$H$13/1000) -> 10000 | F21: =E21*100% -> 10000 | G21: =VTLGTTKcamket!G21 -> 8533 | H21: =MAX('Tinh phi QL'!$E$13/1000,J21)+K21 -> 1000000 | I21: =VLOOKUP(B21,VTL20namMH!$B$4:$I$243,8,0) -> 300 | J21: =IF(VLOOKUP(B21,VTL20namMH!$B$4:$M$243,10,0)<=0,"Mất hiệu lực",VLOOKUP(B21,VTL20namMH!$B$4:$M$243,10,0)) -> 142083.07 | L21: =J21 -> 142083.07 | M21: =L21 -> 142083.07
B22: 16 | C22: =IF(ROW(A16)>'Tinh phi QL'!$D$13,"",ROW(A16)) -> 16 | D22: =D21+1 -> 45 | E22: =IF(IFERROR(--TRIM(C22),0)=0,0,'Tinh phi QL'!$H$13/1000) -> 10000 | F22: =E22*100% -> 10000 | G22: =VTLGTTKcamket!G22 -> 10469 | H22: =MAX('Tinh phi QL'!$E$13/1000,J22)+K22 -> 1000000 | I22: =VLOOKUP(B22,VTL20namMH!$B$4:$I$243,8,0) -> 300 | J22: =IF(VLOOKUP(B22,VTL20namMH!$B$4:$M$243,10,0)<=0,"Mất hiệu lực",VLOOKUP(B22,VTL20namMH!$B$4:$M$243,10,0)) -> 155358.36 | L22: =J22 -> 155358.36 | M22: =L22 -> 155358.36
B23: 17 | C23: =IF(ROW(A17)>'Tinh phi QL'!$D$13,"",ROW(A17)) -> 17 | D23: =D22+1 -> 46 | E23: =IF(IFERROR(--TRIM(C23),0)=0,0,'Tinh phi QL'!$H$13/1000) -> 10000 | F23: =E23*100% -> 10000 | G23: =VTLGTTKcamket!G23 -> 10469 | H23: =MAX('Tinh phi QL'!$E$13/1000,J23)+K23 -> 1000000 | I23: =VLOOKUP(B23,VTL20namMH!$B$4:$I$243,8,0) -> 300 | J23: =IF(VLOOKUP(B23,VTL20namMH!$B$4:$M$243,10,0)<=0,"Mất hiệu lực",VLOOKUP(B23,VTL20namMH!$B$4:$M$243,10,0)) -> 169030.11 | L23: =J23 -> 169030.11 | M23: =L23 -> 169030.11
B24: 18 | C24: =IF(ROW(A18)>'Tinh phi QL'!$D$13,"",ROW(A18)) -> 18 | D24: =D23+1 -> 47 | E24: =IF(IFERROR(--TRIM(C24),0)=0,0,'Tinh phi QL'!$H$13/1000) -> 10000 | F24: =E24*100% -> 10000 | G24: =VTLGTTKcamket!G24 -> 10469 | H24: =MAX('Tinh phi QL'!$E$13/1000,J24)+K24 -> 1000000 | I24: =VLOOKUP(B24,VTL20namMH!$B$4:$I$243,8,0) -> 300 | J24: =IF(VLOOKUP(B24,VTL20namMH!$B$4:$M$243,10,0)<=0,"Mất hiệu lực",VLOOKUP(B24,VTL20namMH!$B$4:$M$243,10,0)) -> 183113.56 | L24: =J24 -> 183113.56 | M24: =L24 -> 183113.56
B25: 19 | C25: =IF(ROW(A19)>'Tinh phi QL'!$D$13,"",ROW(A19)) -> 19 | D25: =D24+1 -> 48 | E25: =IF(IFERROR(--TRIM(C25),0)=0,0,'Tinh phi QL'!$H$13/1000) -> 10000 | F25: =E25*100% -> 10000 | G25: =VTLGTTKcamket!G25 -> 10469 | H25: =MAX('Tinh phi QL'!$E$13/1000,J25)+K25 -> 1000000 | I25: =VLOOKUP(B25,VTL20namMH!$B$4:$I$243,8,0) -> 300 | J25: =IF(VLOOKUP(B25,VTL20namMH!$B$4:$M$243,10,0)<=0,"Mất hiệu lực",VLOOKUP(B25,VTL20namMH!$B$4:$M$243,10,0)) -> 197619.19 | L25: =J25 -> 197619.19 | M25: =L25 -> 197619.19
B26: 20 | C26: =IF(ROW(A20)>'Tinh phi QL'!$D$13,"",ROW(A20)) -> 20 | D26: =D25+1 -> 49 | E26: =IF(IFERROR(--TRIM(C26),0)=0,0,'Tinh phi QL'!$H$13/1000) -> 10000 | F26: =E26*100% -> 10000 | G26: =VTLGTTKcamket!G26 -> 10469 | H26: =MAX('Tinh phi QL'!$E$13/1000,J26)+K26 -> 1000000 | I26: =VLOOKUP(B26,VTL20namMH!$B$4:$I$243,8,0) -> 300 | J26: =IF(VLOOKUP(B26,VTL20namMH!$B$4:$M$243,10,0)<=0,"Mất hiệu lực",VLOOKUP(B26,VTL20namMH!$B$4:$M$243,10,0)) -> 212546.54 | L26: =J26 -> 212546.54 | M26: =L26 -> 212546.54

Sheet KBAGTTKcamket
B2: KHỎE BÌNH AN | H2: Quyền lợi minh họa tại mức lãi suất cam kết
B4: CHÚ Ý KIỂM TRA LẠI PHẦN TÍNH PHÍ XEM ĐÚNG TUỔI, GIỚI TÍNH, QUYỀN LỢI! | M4: Đơn vị: 000 đ
B5: Năm HĐ | C5: Năm đóng phí | D5: Tuổi | E5: Tổng phí bảo hiểm sản phẩm BHNT | F5: Phí sản phẩm BHNT đem đi đầu tư | G5: Phí bảo hiểm sản phẩm BHBK | H5: Quyền lợi tử vong/ TTTBVV
H6: Quyền lợi TTTB&VV (trước 75 tuổi)/ Tử vong | I6: Thưởng duy trì đóng phí | J6: GTTK cơ bản | K6: GTTK đóng thêm | L6: GTTK hợp đồng | M6: Giá trị hoàn lại của hợp đồng
B7: 1 | C7: =IF(ROW(A1)>'Tinh phi QL'!$D$13,"",ROW(A1)) -> 1 | D7: ='Tinh phi QL'!I8 -> 30 | E7: =IF(IFERROR(--TRIM(C7),0)=0,0,'Tinh phi QL'!$H$13/1000) -> 10000 | F7: =E7*50% -> 5000 | G7: =KTVBVPhi20nam!AI4 -> 6571 | H7: =MAX('Tinh phi QL'!$E$13/1000,J7)+K7 -> 1000000 | J7: =IF(VLOOKUP(B7,KBA20namcamket!$B$4:$M$243,10,0)<=0,"Mất hiệu lực",VLOOKUP(B7,KBA20namcamket!$B$4:$M$243,10,0)) -> 3265.5581 | L7: =J7 -> 3265.5581 | M7: =IF(L7-100%*E7>0,L7-100%*E7,0) -> 0
B8: 2 | C8: =IF(ROW(A2)>'Tinh phi QL'!$D$13,"",ROW(A2)) -> 2 | D8: =D7+1 -> 31 | E8: =IF(IFERROR(--TRIM(C8),0)=0,0,'Tinh phi QL'!$H$13/1000) -> 10000 | F8: =E8*70% -> 7000 | G8: =KTVBVPhi20nam!AI5 -> 6571 | H8: =MAX('Tinh phi QL'!$E$13/1000*1.05,J8)+K8 -> 1050000 | J8: =IF(VLOOKUP(B8,KBA20namcamket!$B$4:$M$243,10,0)<=0,"Mất hiệu lực",VLOOKUP(B8,KBA20namcamket!$B$4:$M$243,10,0)) -> 8563.1933 | L8: =J8 -> 8563.1933 | M8: =IF(L8-100%*E8>0,L8-100%*E8,0) -> 0
B9: 3 | C9: =IF(ROW(A3)>'Tinh phi QL'!$D$13,"",ROW(A3)) -> 3 | D9: =D8+1 -> 32 | E9: =IF(IFERROR(--TRIM(C9),0)=0,0,'Tinh phi QL'!$H$13/1000) -> 10000 | F9: =E9*80% -> 8000 | G9: =KTVBVPhi20nam!AI6 -> 6571 | H9: =MAX('Tinh phi QL'!$E$13/1000*1.1,J9)+K9 -> 1100000 | J9: =IF(VLOOKUP(B9,KBA20namcamket!$B$4:$M$243,10,0)<=0,"Mất hiệu lực",VLOOKUP(B9,KBA20namcamket!$B$4:$M$243,10,0)) -> 14924.154 | L9: =J9 -> 14924.154 | M9: =L9-45%*E9 -> 10424.154
B10: 4 | C10: =IF(ROW(A4)>'Tinh phi QL'!$D$13,"",ROW(A4)) -> 4 | D10: =D9+1 -> 33 | E10: =IF(IFERROR(--TRIM(C10),0)=0,0,'Tinh phi QL'!$H$13/1000) -> 10000 | F10: =E10*80% -> 8000 | G10: =KTVBVPhi20nam!AI7 -> 6571 | H10: =MAX('Tinh phi QL'!$E$13/1000*1.15,J10)+K10 -> 1150000 | J10: =IF(VLOOKUP(B10,KBA20namcamket!$B$4:$M$243,10,0)<=0,"Mất hiệu lực",VLOOKUP(B10,KBA20namcamket!$B$4:$M$243,10,0)) -> 21058.562 | L10: =J10 -> 21058.562 | M10: =L10-30%*E10 -> 18058.562
B11: 5 | C11: =IF(ROW(A5)>'Tinh phi QL'!$D$13,"",ROW(A5)) -> 5 | D11: =D10+1 -> 34 | E11: =IF(IFERROR(--TRIM(C11),0)=0,0,'Tinh phi QL'!$H$13/1000) -> 10000 | F11: =E11*80% -> 8000 | G11: =KTVBVPhi20nam!AI8 -> 6571 | H11: =MAX('Tinh phi QL'!$E$13/1000*1.2,J11)+K11 -> 1200000 | I11: =VLOOKUP(B11,KBA20namcamket!$B$4:$I$243,8,0) -> 300 | J11: =IF(VLOOKUP(B11,KBA20namcamket!$B$4:$M$243,10,0)<=0,"Mất hiệu lực",VLOOKUP(B11,KBA20namcamket!$B$4:$M$243,10,0)) -> 27390.684 | L11: =J11 -> 27390.684 | M11: =L11-20%*E11 -> 25390.684
B12: 6 | C12: =IF(ROW(A6)>'Tinh phi QL'!$D$13,"",ROW(A6)) -> 6 | D12: =D11+1 -> 35 | E12: =IF(IFERROR(--TRIM(C12),0)=0,0,'Tinh phi QL'!$H$13/1000) -> 10000 | F12: =E12*98% -> 9800 | G12: =KTVBVPhi20nam!AI9 -> 7495 | H12: =MAX('Tinh phi QL'!$E$13/1000*1.25,J12)+K12 -> 1250000 | I12: =VLOOKUP(B12,KBA20namcamket!$B$4:$I$243,8,0) -> 300 | J12: =IF(VLOOKUP(B12,KBA20namcamket!$B$4:$M$243,10,0)<=0,"Mất hiệu lực",VLOOKUP(B12,KBA20namcamket!$B$4:$M$243,10,0)) -> 35319.444 | L12: =J12 -> 35319.444 | M12: =L12 -> 35319.444
B13: 7 | C13: =IF(ROW(A7)>'Tinh phi QL'!$D$13,"",ROW(A7)) -> 7 | D13: =D12+1 -> 36 | E13: =IF(IFERROR(--TRIM(C13),0)=0,0,'Tinh phi QL'!$H$13/1000) -> 10000 | F13: =E13*98% -> 9800 | G13: =KTVBVPhi20nam!AI10 -> 7495 | H13: =MAX('Tinh phi QL'!$E$13/1000*1.3,J13)+K13 -> 1300000 | I13: =VLOOKUP(B13,KBA20namcamket!$B$4:$I$243,8,0) -> 300 | J13: =IF(VLOOKUP(B13,KBA20namcamket!$B$4:$M$243,10,0)<=0,"Mất hiệu lực",VLOOKUP(B13,KBA20namcamket!$B$4:$M$243,10,0)) -> 43141.491 | L13: =J13 -> 43141.491 | M13: =L13 -> 43141.491
B14: 8 | C14: =IF(ROW(A8)>'Tinh phi QL'!$D$13,"",ROW(A8)) -> 8 | D14: =D13+1 -> 37 | E14: =IF(IFERROR(--TRIM(C14),0)=0,0,'Tinh phi QL'!$H$13/1000) -> 10000 | F14: =E14*98% -> 9800 | G14: =KTVBVPhi20nam!AI11 -> 7495 | H14: =MAX('Tinh phi QL'!$E$13/1000*1.35,J14)+K14 -> 1350000 | I14: =VLOOKUP(B14,KBA20namcamket!$B$4:$I$243,8,0) -> 300 | J14: =IF(VLOOKUP(B14,KBA20namcamket!$B$4:$M$243,10,0)<=0,"Mất hiệu lực",VLOOKUP(B14,KBA20namcamket!$B$4:$M$243,10,0)) -> 50823.851 | L14: =J14 -> 50823.851 | M14: =L14 -> 50823.851
B15: 9 | C15: =IF(ROW(A9)>'Tinh phi QL'!$D$13,"",ROW(A9)) -> 9 | D15: =D14+1 -> 38 | E15: =IF(IFERROR(--TRIM(C15),0)=0,0,'Tinh phi QL'!$H$13/1000) -> 10000 | F15: =E15*98% -> 9800 | G15: =KTVBVPhi20nam!AI12 -> 7495 | H15: =MAX('Tinh phi QL'!$E$13/1000*1.4,J15)+K15 -> 1400000 | I15: =VLOOKUP(B15,KBA20namcamket!$B$4:$I$243,8,0) -> 300 | J15: =IF(VLOOKUP(B15,KBA20namcamket!$B$4:$M$243,10,0)<=0,"Mất hiệu lực",VLOOKUP(B15,KBA20namcamket!$B$4:$M$243,10,0)) -> 58270.601 | L15: =J15 -> 58270.601 | M15: =L15 -> 58270.601
B16: 10 | C16: =IF(ROW(A10)>'Tinh phi QL'!$D$13,"",ROW(A10)) -> 10 | D16: =D15+1 -> 39 | E16: =IF(IFERROR(--TRIM(C16),0)=0,0,'Tinh phi QL'!$H$13/1000) -> 10000 | F16: =E16*98% -> 9800 | G16: =KTVBVPhi20nam!AI13 -> 7495 | H16: =MAX('Tinh phi QL'!$E$13/1000*1.45,J16)+K16 -> 1450000 | I16: =VLOOKUP(B16,KBA20namcamket!$B$4:$I$243,8,0) -> 300 | J16: =IF(VLOOKUP(B16,KBA20namcamket!$B$4:$M$243,10,0)<=0,"Mất hiệu lực",VLOOKUP(B16,KBA20namcamket!$B$4:$M$243,10,0)) -> 65430.624 | L16: =J16 -> 65430.624 | M16: =L16 -> 65430.624
B17: 11 | C17: =IF(ROW(A11)>'Tinh phi QL'!$D$13,"",ROW(A11)) -> 11 | D17: =D16+1 -> 40 | E17: =IF(IFERROR(--TRIM(C17),0)=0,0,'Tinh phi QL'!$H$13/1000) -> 10000 | F17: =E17*100% -> 10000 | G17: =KTVBVPhi20nam!AI14 -> 8533 | H17: =MAX('Tinh phi QL'!$E$13/1000*1.5,J17)+K17 -> 1500000 | I17: =VLOOKUP(B17,KBA20namcamket!$B$4:$I$243,8,0) -> 300 | J17: =IF(VLOOKUP(B17,KBA20namcamket!$B$4:$M$243,10,0)<=0,"Mất hiệu lực",VLOOKUP(B17,KBA20namcamket!$B$4:$M$243,10,0)) -> 72147.562 | L17: =J17 -> 72147.562 | M17: =L17 -> 72147.562
B18: 12 | C18: =IF(ROW(A12)>'Tinh phi QL'!$D$13,"",ROW(A12)) -> 12 | D18: =D17+1 -> 41 | E18: =IF(IFERROR(--TRIM(C18),0)=0,0,'Tinh phi QL'!$H$13/1000) -> 10000 | F18: =E18*100% -> 10000 | G18: =KTVBVPhi20nam!AI15 -> 8533 | H18: =MAX('Tinh phi QL'!$E$13/1000*1.5,J18)+K18 -> 1500000 | I18: =VLOOKUP(B18,KBA20namcamket!$B$4:$I$243,8,0) -> 300 | J18: =IF(VLOOKUP(B18,KBA20namcamket!$B$4:$M$243,10,0)<=0,"Mất hiệu lực",VLOOKUP(B18,KBA20namcamket!$B$4:$M$243,10,0)) -> 78640.138 | L18: =J18 -> 78640.138 | M18: =L18 -> 78640.138
B19: 13 | C19: =IF(ROW(A13)>'Tinh phi QL'!$D$13,"",ROW(A13)) -> 13 | D19: =D18+1 -> 42 | E19: =IF(IFERROR(--TRIM(C19),0)=0,0,'Tinh phi QL'!$H$13/1000) -> 10000 | F19: =E19*100% -> 10000 | G19: =KTVBVPhi20nam!AI16 -> 8533 | H19: =MAX('Tinh phi QL'!$E$13/1000*1.5,J19)+K19 -> 1500000 | I19: =VLOOKUP(B19,KBA20namcamket!$B$4:$I$243,8,0) -> 300 | J19: =IF(VLOOKUP(B19,KBA20namcamket!$B$4:$M$243,10,0)<=0,"Mất hiệu lực",VLOOKUP(B19,KBA20namcamket!$B$4:$M$243,10,0)) -> 84885.551 | L19: =J19 -> 84885.551 | M19: =L19 -> 84885.551
B20: 14 | C20: =IF(ROW(A14)>'Tinh phi QL'!$D$13,"",ROW(A14)) -> 14 | D20: =D19+1 -> 43 | E20: =IF(IFERROR(--TRIM(C20),0)=0,0,'Tinh phi QL'!$H$13/1000) -> 10000 | F20: =E20*100% -> 10000 | G20: =KTVBVPhi20nam!AI17 -> 8533 | H20: =MAX('Tinh phi QL'!$E$13/1000*1.5,J20)+K20 -> 1500000 | I20: =VLOOKUP(B20,KBA20namcamket!$B$4:$I$243,8,0) -> 300 | J20: =IF(VLOOKUP(B20,KBA20namcamket!$B$4:$M$243,10,0)<=0,"Mất hiệu lực",VLOOKUP(B20,KBA20namcamket!$B$4:$M$243,10,0)) -> 90849.508 | L20: =J20 -> 90849.508 | M20: =L20 -> 90849.508
B21: 15 | C21: =IF(ROW(A15)>'Tinh phi QL'!$D$13,"",ROW(A15)) -> 15 | D21: =D20+1 -> 44 | E21: =IF(IFERROR(--TRIM(C21),0)=0,0,'Tinh phi QL'!$H$13/1000) -> 10000 | F21: =E21*100% -> 10000 | G21: =KTVBVPhi20nam!AI18 -> 8533 | H21: =MAX('Tinh phi QL'!$E$13/1000*1.5,J21)+K21 -> 1500000 | I21: =VLOOKUP(B21,KBA20namcamket!$B$4:$I$243,8,0) -> 300 | J21: =IF(VLOOKUP(B21,KBA20namcamket!$B$4:$M$243,10,0)<=0,"Mất hiệu lực",VLOOKUP(B21,KBA20namcamket!$B$4:$M$243,10,0)) -> 96508.779 | L21: =J21 -> 96508.779 | M21: =L21 -> 96508.779
B22: 16 | C22: =IF(ROW(A16)>'Tinh phi QL'!$D$13,"",ROW(A16)) -> 16 | D22: =D21+1 -> 45 | E22: =IF(IFERROR(--TRIM(C22),0)=0,0,'Tinh phi QL'!$H$13/1000) -> 10000 | F22: =E22*100% -> 10000 | G22: =KTVBVPhi20nam!AI19 -> 10469 | H22: =MAX('Tinh phi QL'!$E$13/1000*1.5,J22)+K22 -> 1500000 | I22: =VLOOKUP(B22,KBA20namcamket!$B$4:$I$243,8,0) -> 300 | J22: =IF(VLOOKUP(B22,KBA20namcamket!$B$4:$M$243,10,0)<=0,"Mất hiệu lực",VLOOKUP(B22,KBA20namcamket!$B$4:$M$243,10,0)) -> 101322.62 | L22: =J22 -> 101322.62 | M22: =L22 -> 101322.62
B23: 17 | C23: =IF(ROW(A17)>'Tinh phi QL'!$D$13,"",ROW(A17)) -> 17 | D23: =D22+1 -> 46 | E23: =IF(IFERROR(--TRIM(C23),0)=0,0,'Tinh phi QL'!$H$13/1000) -> 10000 | F23: =E23*100% -> 10000 | G23: =KTVBVPhi20nam!AI20 -> 10469 | H23: =MAX('Tinh phi QL'!$E$13/1000*1.5,J23)+K23 -> 1500000 | I23: =VLOOKUP(B23,KBA20namcamket!$B$4:$I$243,8,0) -> 300 | J23: =IF(VLOOKUP(B23,KBA20namcamket!$B$4:$M$243,10,0)<=0,"Mất hiệu lực",VLOOKUP(B23,KBA20namcamket!$B$4:$M$243,10,0)) -> 105742.83 | L23: =J23 -> 105742.83 | M23: =L23 -> 105742.83
B24: 18 | C24: =IF(ROW(A18)>'Tinh phi QL'!$D$13,"",ROW(A18)) -> 18 | D24: =D23+1 -> 47 | E24: =IF(IFERROR(--TRIM(C24),0)=0,0,'Tinh phi QL'!$H$13/1000) -> 10000 | F24: =E24*100% -> 10000 | G24: =KTVBVPhi20nam!AI21 -> 10469 | H24: =MAX('Tinh phi QL'!$E$13/1000*1.5,J24)+K24 -> 1500000 | I24: =VLOOKUP(B24,KBA20namcamket!$B$4:$I$243,8,0) -> 300 | J24: =IF(VLOOKUP(B24,KBA20namcamket!$B$4:$M$243,10,0)<=0,"Mất hiệu lực",VLOOKUP(B24,KBA20namcamket!$B$4:$M$243,10,0)) -> 109746.3 | L24: =J24 -> 109746.3 | M24: =L24 -> 109746.3
B25: 19 | C25: =IF(ROW(A19)>'Tinh phi QL'!$D$13,"",ROW(A19)) -> 19 | D25: =D24+1 -> 48 | E25: =IF(IFERROR(--TRIM(C25),0)=0,0,'Tinh phi QL'!$H$13/1000) -> 10000 | F25: =E25*100% -> 10000 | G25: =KTVBVPhi20nam!AI22 -> 10469 | H25: =MAX('Tinh phi QL'!$E$13/1000*1.5,J25)+K25 -> 1500000 | I25: =VLOOKUP(B25,KBA20namcamket!$B$4:$I$243,8,0) -> 300 | J25: =IF(VLOOKUP(B25,KBA20namcamket!$B$4:$M$243,10,0)<=0,"Mất hiệu lực",VLOOKUP(B25,KBA20namcamket!$B$4:$M$243,10,0)) -> 113298.37 | L25: =J25 -> 113298.37 | M25: =L25 -> 113298.37
B26: 20 | C26: =IF(ROW(A20)>'Tinh phi QL'!$D$13,"",ROW(A20)) -> 20 | D26: =D25+1 -> 49 | E26: =IF(IFERROR(--TRIM(C26),0)=0,0,'Tinh phi QL'!$H$13/1000) -> 10000 | F26: =E26*100% -> 10000 | G26: =KTVBVPhi20nam!AI23 -> 10469 | H26: =MAX('Tinh phi QL'!$E$13/1000*1.5,J26)+K26 -> 1500000 | I26: =VLOOKUP(B26,KBA20namcamket!$B$4:$I$243,8,0) -> 300 | J26: =IF(VLOOKUP(B26,KBA20namcamket!$B$4:$M$243,10,0)<=0,"Mất hiệu lực",VLOOKUP(B26,KBA20namcamket!$B$4:$M$243,10,0)) -> 116341.68 | L26: =J26 -> 116341.68 | M26: =L26 -> 116341.68

Sheet KBAGTTKMH
B2: KHỎE BÌNH AN | F2: Quyền lợi minh họa tại mức lãi suất minh họa (đang mặc định để ở 4.6%, chỉ cần thay đổi thành 3% hoặc % bất kỳ!) | M2: 0.046
B4: CHÚ Ý KIỂM TRA LẠI PHẦN TÍNH PHÍ XEM ĐÚNG TUỔI, GIỚI TÍNH, QUYỀN LỢI! | M4: Đơn vị: 000 đ
B5: Năm HĐ | C5: Năm đóng phí | D5: Tuổi | E5: Tổng phí bảo hiểm sản phẩm BHNT | F5: Phí sản phẩm BHNT đem đi đầu tư | G5: Phí bảo hiểm sản phẩm BHBK | H5: Quyền lợi tử vong/ TTTBVV
H6: Quyền lợi TTTB&VV (trước 75 tuổi)/ Tử vong | I6: Thưởng duy trì đóng phí | J6: GTTK cơ bản | K6: GTTK đóng thêm | L6: GTTK hợp đồng | M6: Giá trị hoàn lại của hợp đồng
B7: 1 | C7: =IF(ROW(A1)>'Tinh phi QL'!$D$13,"",ROW(A1)) -> 1 | D7: ='Tinh phi QL'!I8 -> 30 | E7: =IF(IFERROR(--TRIM(C7),0)=0,0,'Tinh phi QL'!$H$13/1000) -> 10000 | F7: =E7*50% -> 5000 | G7: =KBAGTTKcamket!G7 -> 6571 | H7: =MAX('Tinh phi QL'!$E$13/1000,J7)+K7 -> 1000000 | J7: =IF(VLOOKUP(B7,KBA20namMH!$B$4:$M$243,10,0)<=0,"Mất hiệu lực",VLOOKUP(B7,KBA20namMH!$B$4:$M$243,10,0)) -> 3309.5585 | L7: =J7 -> 3309.5585 | M7: =IF(L7-100%*E7>0,L7-100%*E7,0) -> 0
B8: 2 | C8: =IF(ROW(A2)>'Tinh phi QL'!$D$13,"",ROW(A2)) -> 2 | D8: =D7+1 -> 31 | E8: =IF(IFERROR(--TRIM(C8),0)=0,0,'Tinh phi QL'!$H$13/1000) -> 10000 | F8: =E8*70% -> 7000 | G8: =KBAGTTKcamket!G8 -> 6571 | H8: =MAX('Tinh phi QL'!$E$13/1000*1.05,J8)+K8 -> 1050000 | J8: =IF(VLOOKUP(B8,KBA20namMH!$B$4:$M$243,10,0)<=0,"Mất hiệu lực",VLOOKUP(B8,KBA20namMH!$B$4:$M$243,10,0)) -> 8756.6854 | L8: =J8 -> 8756.6854 | M8: =IF(L8-100%*E8>0,L8-100%*E8,0) -> 0
B9: 3 | C9: =IF(ROW(A3)>'Tinh phi QL'!$D$13,"",ROW(A3)) -> 3 | D9: =D8+1 -> 32 | E9: =IF(IFERROR(--TRIM(C9),0)=0,0,'Tinh phi QL'!$H$13/1000) -> 10000 | F9: =E9*80% -> 8000 | G9: =KBAGTTKcamket!G9 -> 6571 | H9: =MAX('Tinh phi QL'!$E$13/1000*1.1,J9)+K9 -> 1100000 | J9: =IF(VLOOKUP(B9,KBA20namMH!$B$4:$M$243,10,0)<=0,"Mất hiệu lực",VLOOKUP(B9,KBA20namMH!$B$4:$M$243,10,0)) -> 15374.027 | L9: =J9 -> 15374.027 | M9: =L9-45%*E9 -> 10874.027
B10: 4 | C10: =IF(ROW(A4)>'Tinh phi QL'!$D$13,"",ROW(A4)) -> 4 | D10: =D9+1 -> 33 | E10: =IF(IFERROR(--TRIM(C10),0)=0,0,'Tinh phi QL'!$H$13/1000) -> 10000 | F10: =E10*80% -> 8000 | G10: =KBAGTTKcamket!G10 -> 6571 | H10: =MAX('Tinh phi QL'!$E$13/1000*1.15,J10)+K10 -> 1150000 | J10: =IF(VLOOKUP(B10,KBA20namMH!$B$4:$M$243,10,0)<=0,"Mất hiệu lực",VLOOKUP(B10,KBA20namMH!$B$4:$M$243,10,0)) -> 22094.635 | L10: =J10 -> 22094.635 | M10: =L10-30%*E10 -> 19094.635
B11: 5 | C11: =IF(ROW(A5)>'Tinh phi QL'!$D$13,"",ROW(A5)) -> 5 | D11: =D10+1 -> 34 | E11: =IF(IFERROR(--TRIM(C11),0)=0,0,'Tinh phi QL'!$H$13/1000) -> 10000 | F11: =E11*80% -> 8000 | G11: =KBAGTTKcamket!G11 -> 6571 | H11: =MAX('Tinh phi QL'!$E$13/1000*1.2,J11)+K11 -> 1200000 | I11: =VLOOKUP(B11,KBA20namMH!$B$4:$I$243,8,0) -> 300 | J11: =IF(VLOOKUP(B11,KBA20namMH!$B$4:$M$243,10,0)<=0,"Mất hiệu lực",VLOOKUP(B11,KBA20namMH!$B$4:$M$243,10,0)) -> 29197.111 | L11: =J11 -> 29197.111 | M11: =L11-20%*E11 -> 27197.111
B12: 6 | C12: =IF(ROW(A6)>'Tinh phi QL'!$D$13,"",ROW(A6)) -> 6 | D12: =D11+1 -> 35 | E12: =IF(IFERROR(--TRIM(C12),0)=0,0,'Tinh phi QL'!$H$13/1000) -> 10000 | F12: =E12*98% -> 9800 | G12: =KBAGTTKcamket!G12 -> 7495 | H12: =MAX('Tinh phi QL'!$E$13/1000*1.25,J12)+K12 -> 1250000 | I12: =VLOOKUP(B12,KBA20namMH!$B$4:$I$243,8,0) -> 300 | J12: =IF(VLOOKUP(B12,KBA20namMH!$B$4:$M$243,10,0)<=0,"Mất hiệu lực",VLOOKUP(B12,KBA20namMH!$B$4:$M$243,10,0)) -> 38321.025 | L12: =J12 -> 38321.025 | M12: =L12 -> 38321.025
B13: 7 | C13: =IF(ROW(A7)>'Tinh phi QL'!$D$13,"",ROW(A7)) -> 7 | D13: =D12+1 -> 36 | E13: =IF(IFERROR(--TRIM(C13),0)=0,0,'Tinh phi QL'!$H$13/1000) -> 10000 | F13: =E13*98% -> 9800 | G13: =KBAGTTKcamket!G13 -> 7495 | H13: =MAX('Tinh phi QL'!$E$13/1000*1.3,J13)+K13 -> 1300000 | I13: =VLOOKUP(B13,KBA20namMH!$B$4:$I$243,8,0) -> 300 | J13: =IF(VLOOKUP(B13,KBA20namMH!$B$4:$M$243,10,0)<=0,"Mất hiệu lực",VLOOKUP(B13,KBA20namMH!$B$4:$M$243,10,0)) -> 47638.091 | L13: =J13 -> 47638.091 | M13: =L13 -> 47638.091
B14: 8 | C14: =IF(ROW(A8)>'Tinh phi QL'!$D$13,"",ROW(A8)) -> 8 | D14: =D13+1 -> 37 | E14: =IF(IFERROR(--TRIM(C14),0)=0,0,'Tinh phi QL'!$H$13/1000) -> 10000 | F14: =E14*98% -> 9800 | G14: =KBAGTTKcamket!G14 -> 7495 | H14: =MAX('Tinh phi QL'!$E$13/1000*1.35,J14)+K14 -> 1350000 | I14: =VLOOKUP(B14,KBA20namMH!$B$4:$I$243,8,0) -> 300 | J14: =IF(VLOOKUP(B14,KBA20namMH!$B$4:$M$243,10,0)<=0,"Mất hiệu lực",VLOOKUP(B14,KBA20namMH!$B$4:$M$243,10,0)) -> 57126.335 | L14: =J14 -> 57126.335 | M14: =L14 -> 57126.335
B15: 9 | C15: =IF(ROW(A9)>'Tinh phi QL'!$D$13,"",ROW(A9)) -> 9 | D15: =D14+1 -> 38 | E15: =IF(IFERROR(--TRIM(C15),0)=0,0,'Tinh phi QL'!$H$13/1000) -> 10000 | F15: =E15*98% -> 9800 | G15: =KBAGTTKcamket!G15 -> 7495 | H15: =MAX('Tinh phi QL'!$E$13/1000*1.4,J15)+K15 -> 1400000 | I15: =VLOOKUP(B15,KBA20namMH!$B$4:$I$243,8,0) -> 300 | J15: =IF(VLOOKUP(B15,KBA20namMH!$B$4:$M$243,10,0)<=0,"Mất hiệu lực",VLOOKUP(B15,KBA20namMH!$B$4:$M$243,10,0)) -> 66699.982 | L15: =J15 -> 66699.982 | M15: =L15 -> 66699.982
B16: 10 | C16: =IF(ROW(A10)>'Tinh phi QL'!$D$13,"",ROW(A10)) -> 10 | D16: =D15+1 -> 39 | E16: =IF(IFERROR(--TRIM(C16),0)=0,0,'Tinh phi QL'!$H$13/1000) -> 10000 | F16: =E16*98% -> 9800 | G16: =KBAGTTKcamket!G16 -> 7495 | H16: =MAX('Tinh phi QL'!$E$13/1000*1.45,J16)+K16 -> 1450000 | I16: =VLOOKUP(B16,KBA20namMH!$B$4:$I$243,8,0) -> 300 | J16: =IF(VLOOKUP(B16,KBA20namMH!$B$4:$M$243,10,0)<=0,"Mất hiệu lực",VLOOKUP(B16,KBA20namMH!$B$4:$M$243,10,0)) -> 76315.273 | L16: =J16 -> 76315.273 | M16: =L16 -> 76315.273
B17: 11 | C17: =IF(ROW(A11)>'Tinh phi QL'!$D$13,"",ROW(A11)) -> 11 | D17: =D16+1 -> 40 | E17: =IF(IFERROR(--TRIM(C17),0)=0,0,'Tinh phi QL'!$H$13/1000) -> 10000 | F17: =E17*100% -> 10000 | G17: =KBAGTTKcamket!G17 -> 8533 | H17: =MAX('Tinh phi QL'!$E$13/1000*1.5,J17)+K17 -> 1500000 | I17: =VLOOKUP(B17,KBA20namMH!$B$4:$I$243,8,0) -> 300 | J17: =IF(VLOOKUP(B17,KBA20namMH!$B$4:$M$243,10,0)<=0,"Mất hiệu lực",VLOOKUP(B17,KBA20namMH!$B$4:$M$243,10,0)) -> 86196.831 | L17: =J17 -> 86196.831 | M17: =L17 -> 86196.831
B18: 12 | C18: =IF(ROW(A12)>'Tinh phi QL'!$D$13,"",ROW(A12)) -> 12 | D18: =D17+1 -> 41 | E18: =IF(IFERROR(--TRIM(C18),0)=0,0,'Tinh phi QL'!$H$13/1000) -> 10000 | F18: =E18*100% -> 10000 | G18: =KBAGTTKcamket!G18 -> 8533 | H18: =MAX('Tinh phi QL'!$E$13/1000*1.5,J18)+K18 -> 1500000 | I18: =VLOOKUP(B18,KBA20namMH!$B$4:$I$243,8,0) -> 300 | J18: =IF(VLOOKUP(B18,KBA20namMH!$B$4:$M$243,10,0)<=0,"Mất hiệu lực",VLOOKUP(B18,KBA20namMH!$B$4:$M$243,10,0)) -> 96247.906 | L18: =J18 -> 96247.906 | M18: =L18 -> 96247.906
B19: 13 | C19: =IF(ROW(A13)>'Tinh phi QL'!$D$13,"",ROW(A13)) -> 13 | D19: =D18+1 -> 42 | E19: =IF(IFERROR(--TRIM(C19),0)=0,0,'Tinh phi QL'!$H$13/1000) -> 10000 | F19: =E19*100% -> 10000 | G19: =KBAGTTKcamket!G19 -> 8533 | H19: =MAX('Tinh phi QL'!$E$13/1000*1.5,J19)+K19 -> 1500000 | I19: =VLOOKUP(B19,KBA20namMH!$B$4:$I$243,8,0) -> 300 | J19: =IF(VLOOKUP(B19,KBA20namMH!$B$4:$M$243,10,0)<=0,"Mất hiệu lực",VLOOKUP(B19,KBA20namMH!$B$4:$M$243,10,0)) -> 106458.35 | L19: =J19 -> 106458.35 | M19: =L19 -> 106458.35
B20: 14 | C20: =IF(ROW(A14)>'Tinh phi QL'!$D$13,"",ROW(A14)) -> 14 | D20: =D19+1 -> 43 | E20: =IF(IFERROR(--TRIM(C20),0)=0,0,'Tinh phi QL'!$H$13/1000) -> 10000 | F20: =E20*100% -> 10000 | G20: =KBAGTTKcamket!G20 -> 8533 | H20: =MAX('Tinh phi QL'!$E$13/1000*1.5,J20)+K20 -> 1500000 | I20: =VLOOKUP(B20,KBA20namMH!$B$4:$I$243,8,0) -> 300 | J20: =IF(VLOOKUP(B20,KBA20namMH!$B$4:$M$243,10,0)<=0,"Mất hiệu lực",VLOOKUP(B20,KBA20namMH!$B$4:$M$243,10,0)) -> 116806.77 | L20: =J20 -> 116806.77 | M20: =L20 -> 116806.77
B21: 15 | C21: =IF(ROW(A15)>'Tinh phi QL'!$D$13,"",ROW(A15)) -> 15 | D21: =D20+1 -> 44 | E21: =IF(IFERROR(--TRIM(C21),0)=0,0,'Tinh phi QL'!$H$13/1000) -> 10000 | F21: =E21*100% -> 10000 | G21: =KBAGTTKcamket!G21 -> 8533 | H21: =MAX('Tinh phi QL'!$E$13/1000*1.5,J21)+K21 -> 1500000 | I21: =VLOOKUP(B21,KBA20namMH!$B$4:$I$243,8,0) -> 300 | J21: =IF(VLOOKUP(B21,KBA20namMH!$B$4:$M$243,10,0)<=0,"Mất hiệu lực",VLOOKUP(B21,KBA20namMH!$B$4:$M$243,10,0)) -> 127282.87 | L21: =J21 -> 127282.87 | M21: =L21 -> 127282.87
B22: 16 | C22: =IF(ROW(A16)>'Tinh phi QL'!$D$13,"",ROW(A16)) -> 16 | D22: =D21+1 -> 45 | E22: =IF(IFERROR(--TRIM(C22),0)=0,0,'Tinh phi QL'!$H$13/1000) -> 10000 | F22: =E22*100% -> 10000 | G22: =KBAGTTKcamket!G22 -> 10469 | H22: =MAX('Tinh phi QL'!$E$13/1000*1.5,J22)+K22 -> 1500000 | I22: =VLOOKUP(B22,KBA20namMH!$B$4:$I$243,8,0) -> 300 | J22: =IF(VLOOKUP(B22,KBA20namMH!$B$4:$M$243,10,0)<=0,"Mất hiệu lực",VLOOKUP(B22,KBA20namMH!$B$4:$M$243,10,0)) -> 137876.46 | L22: =J22 -> 137876.46 | M22: =L22 -> 137876.46
B23: 17 | C23: =IF(ROW(A17)>'Tinh phi QL'!$D$13,"",ROW(A17)) -> 17 | D23: =D22+1 -> 46 | E23: =IF(IFERROR(--TRIM(C23),0)=0,0,'Tinh phi QL'!$H$13/1000) -> 10000 | F23: =E23*100% -> 10000 | G23: =KBAGTTKcamket!G23 -> 10469 | H23: =MAX('Tinh phi QL'!$E$13/1000*1.5,J23)+K23 -> 1500000 | I23: =VLOOKUP(B23,KBA20namMH!$B$4:$I$243,8,0) -> 300 | J23: =IF(VLOOKUP(B23,KBA20namMH!$B$4:$M$243,10,0)<=0,"Mất hiệu lực",VLOOKUP(B23,KBA20namMH!$B$4:$M$243,10,0)) -> 148566.35 | L23: =J23 -> 148566.35 | M23: =L23 -> 148566.35
B24: 18 | C24: =IF(ROW(A18)>'Tinh phi QL'!$D$13,"",ROW(A18)) -> 18 | D24: =D23+1 -> 47 | E24: =IF(IFERROR(--TRIM(C24),0)=0,0,'Tinh phi QL'!$H$13/1000) -> 10000 | F24: =E24*100% -> 10000 | G24: =KBAGTTKcamket!G24 -> 10469 | H24: =MAX('Tinh phi QL'!$E$13/1000*1.5,J24)+K24 -> 1500000 | I24: =VLOOKUP(B24,KBA20namMH!$B$4:$I$243,8,0) -> 300 | J24: =IF(VLOOKUP(B24,KBA20namMH!$B$4:$M$243,10,0)<=0,"Mất hiệu lực",VLOOKUP(B24,KBA20namMH!$B$4:$M$243,10,0)) -> 159342.21 | L24: =J24 -> 159342.21 | M24: =L24 -> 159342.21
B25: 19 | C25: =IF(ROW(A19)>'Tinh phi QL'!$D$13,"",ROW(A19)) -> 19 | D25: =D24+1 -> 48 | E25: =IF(IFERROR(--TRIM(C25),0)=0,0,'Tinh phi QL'!$H$13/1000) -> 10000 | F25: =E25*100% -> 10000 | G25: =KBAGTTKcamket!G25 -> 10469 | H25: =MAX('Tinh phi QL'!$E$13/1000*1.5,J25)+K25 -> 1500000 | I25: =VLOOKUP(B25,KBA20namMH!$B$4:$I$243,8,0) -> 300 | J25: =IF(VLOOKUP(B25,KBA20namMH!$B$4:$M$243,10,0)<=0,"Mất hiệu lực",VLOOKUP(B25,KBA20namMH!$B$4:$M$243,10,0)) -> 170182.84 | L25: =J25 -> 170182.84 | M25: =L25 -> 170182.84
B26: 20 | C26: =IF(ROW(A20)>'Tinh phi QL'!$D$13,"",ROW(A20)) -> 20 | D26: =D25+1 -> 49 | E26: =IF(IFERROR(--TRIM(C26),0)=0,0,'Tinh phi QL'!$H$13/1000) -> 10000 | F26: =E26*100% -> 10000 | G26: =KBAGTTKcamket!G26 -> 10469 | H26: =MAX('Tinh phi QL'!$E$13/1000*1.5,J26)+K26 -> 1500000 | I26: =VLOOKUP(B26,KBA20namMH!$B$4:$I$243,8,0) -> 300 | J26: =IF(VLOOKUP(B26,KBA20namMH!$B$4:$M$243,10,0)<=0,"Mất hiệu lực",VLOOKUP(B26,KBA20namMH!$B$4:$M$243,10,0)) -> 181045.17 | L26: =J26 -> 181045.17 | M26: =L26 -> 181045.17

Sheet KTVBVGTTKcamket
B2: KHỎE TRỌN VẸN - BỀN VỮNG | H2: Quyền lợi minh họa tại mức lãi suất cam kết
B4: CHÚ Ý KIỂM TRA LẠI PHẦN TÍNH PHÍ XEM ĐÚNG TUỔI, GIỚI TÍNH, QUYỀN LỢI! | M4: Đơn vị: 000 đ
B5: Năm HĐ | C5: Năm đóng phí | D5: Tuổi | E5: Tổng phí bảo hiểm sản phẩm BHNT | F5: Phí sản phẩm BHNT đem đi đầu tư | G5: Phí bảo hiểm sản phẩm BHBK | H5: Quyền lợi tử vong/ TTTBVV
H6: Quyền lợi TTTB&VV (trước 75 tuổi)/ Tử vong | I6: Thưởng duy trì đóng phí | J6: GTTK cơ bản | K6: GTTK đóng thêm | L6: GTTK hợp đồng | M6: Giá trị hoàn lại của hợp đồng
B7: 1 | C7: =IF(ROW(A1)>'Tinh phi QL'!$D$12,"",ROW(A1)) -> 1 | D7: ='Tinh phi QL'!I8 -> 30 | E7: =IF(IFERROR(--TRIM(C7),0)=0,0,'Tinh phi QL'!$H$12/1000) -> 0 | F7: =E7*70% -> 0 | G7: =VTLGTTKcamket!G7 -> 6571 | H7: =MAX('Tinh phi QL'!$E$12/1000,J7) -> 0 | J7: =IF(VLOOKUP(B7,KTVBV20namcamket!$B$4:$M$243,10,0)<=0,"Mất hiệu lực",VLOOKUP(B7,KTVBV20namcamket!$B$4:$M$243,10,0)) -> Mất hiệu lực | L7: =J7 -> Mất hiệu lực | M7: =IF(L7-100%*E7>0,L7-100%*E7,0) -> #VALUE!
B8: 2 | C8: =IF(ROW(A2)>'Tinh phi QL'!$D$12,"",ROW(A2)) -> 2 | D8: =D7+1 -> 31 | E8: =IF(IFERROR(--TRIM(C8),0)=0,0,'Tinh phi QL'!$H$12/1000) -> 0 | F8: =E8*82% -> 0 | G8: =VTLGTTKcamket!G8 -> 6571 | H8: =MAX('Tinh phi QL'!$E$12/1000,J8) -> 0 | J8: =IF(VLOOKUP(B8,KTVBV20namcamket!$B$4:$M$243,10,0)<=0,"Mất hiệu lực",VLOOKUP(B8,KTVBV20namcamket!$B$4:$M$243,10,0)) -> Mất hiệu lực | L8: =J8 -> Mất hiệu lực | M8: =IF(L8-100%*E8>0,L8-100%*E8,0) -> #VALUE!
B9: 3 | C9: =IF(ROW(A3)>'Tinh phi QL'!$D$12,"",ROW(A3)) -> 3 | D9: =D8+1 -> 32 | E9: =IF(IFERROR(--TRIM(C9),0)=0,0,'Tinh phi QL'!$H$12/1000) -> 0 | F9: =E9*88% -> 0 | G9: =VTLGTTKcamket!G9 -> 6571 | H9: =MAX('Tinh phi QL'!$E$12/1000,J9) -> 0 | J9: =IF(VLOOKUP(B9,KTVBV20namcamket!$B$4:$M$243,10,0)<=0,"Mất hiệu lực",VLOOKUP(B9,KTVBV20namcamket!$B$4:$M$243,10,0)) -> Mất hiệu lực | L9: =J9 -> Mất hiệu lực | M9: =L9-40%*E9 -> #VALUE!
B10: 4 | C10: =IF(ROW(A4)>'Tinh phi QL'!$D$12,"",ROW(A4)) -> 4 | D10: =D9+1 -> 33 | E10: =IF(IFERROR(--TRIM(C10),0)=0,0,'Tinh phi QL'!$H$12/1000) -> 0 | F10: =E10*88% -> 0 | G10: =VTLGTTKcamket!G10 -> 6571 | H10: =MAX('Tinh phi QL'!$E$12/1000,J10) -> 0 | J10: =IF(VLOOKUP(B10,KTVBV20namcamket!$B$4:$M$243,10,0)<=0,"Mất hiệu lực",VLOOKUP(B10,KTVBV20namcamket!$B$4:$M$243,10,0)) -> Mất hiệu lực | L10: =J10 -> Mất hiệu lực | M10: =L10-25%*E10 -> #VALUE!
B11: 5 | C11: =IF(ROW(A5)>'Tinh phi QL'!$D$12,"",ROW(A5)) -> 5 | D11: =D10+1 -> 34 | E11: =IF(IFERROR(--TRIM(C11),0)=0,0,'Tinh phi QL'!$H$12/1000) -> 0 | F11: =E11*88% -> 0 | G11: =VTLGTTKcamket!G11 -> 6571 | H11: =MAX('Tinh phi QL'!$E$12/1000,J11) -> 0 | J11: =IF(VLOOKUP(B11,KTVBV20namcamket!$B$4:$M$243,10,0)<=0,"Mất hiệu lực",VLOOKUP(B11,KTVBV20namcamket!$B$4:$M$243,10,0)) -> Mất hiệu lực | L11: =J11 -> Mất hiệu lực | M11: =L11-10%*E11 -> #VALUE!
B12: 6 | C12: =IF(ROW(A6)>'Tinh phi QL'!$D$12,"",ROW(A6)) -> 6 | D12: =D11+1 -> 35 | E12: =IF(IFERROR(--TRIM(C12),0)=0,0,'Tinh phi QL'!$H$12/1000) -> 0 | F12: =E12*98.8% -> 0 | G12: =VTLGTTKcamket!G12 -> 7495 | H12: =MAX('Tinh phi QL'!$E$12/1000,J12) -> 0 | J12: =IF(VLOOKUP(B12,KTVBV20namcamket!$B$4:$M$243,10,0)<=0,"Mất hiệu lực",VLOOKUP(B12,KTVBV20namcamket!$B$4:$M$243,10,0)) -> Mất hiệu lực | L12: =J12 -> Mất hiệu lực | M12: =L12 -> Mất hiệu lực
B13: 7 | C13: =IF(ROW(A7)>'Tinh phi QL'!$D$12,"",ROW(A7)) -> 7 | D13: =D12+1 -> 36 | E13: =IF(IFERROR(--TRIM(C13),0)=0,0,'Tinh phi QL'!$H$12/1000) -> 0 | F13: =E13*98.8% -> 0 | G13: =VTLGTTKcamket!G13 -> 7495 | H13: =MAX('Tinh phi QL'!$E$12/1000,J13) -> 0 | J13: =IF(VLOOKUP(B13,KTVBV20namcamket!$B$4:$M$243,10,0)<=0,"Mất hiệu lực",VLOOKUP(B13,KTVBV20namcamket!$B$4:$M$243,10,0)) -> Mất hiệu lực | L13: =J13 -> Mất hiệu lực | M13: =L13 -> Mất hiệu lực
B14: 8 | C14: =IF(ROW(A8)>'Tinh phi QL'!$D$12,"",ROW(A8)) -> 8 | D14: =D13+1 -> 37 | E14: =IF(IFERROR(--TRIM(C14),0)=0,0,'Tinh phi QL'!$H$12/1000) -> 0 | F14: =E14*98.8% -> 0 | G14: =VTLGTTKcamket!G14 -> 7495 | H14: =MAX('Tinh phi QL'!$E$12/1000,J14) -> 0 | J14: =IF(VLOOKUP(B14,KTVBV20namcamket!$B$4:$M$243,10,0)<=0,"Mất hiệu lực",VLOOKUP(B14,KTVBV20namcamket!$B$4:$M$243,10,0)) -> Mất hiệu lực | L14: =J14 -> Mất hiệu lực | M14: =L14 -> Mất hiệu lực
B15: 9 | C15: =IF(ROW(A9)>'Tinh phi QL'!$D$12,"",ROW(A9)) -> 9 | D15: =D14+1 -> 38 | E15: =IF(IFERROR(--TRIM(C15),0)=0,0,'Tinh phi QL'!$H$12/1000) -> 0 | F15: =E15*98.8% -> 0 | G15: =VTLGTTKcamket!G15 -> 7495 | H15: =MAX('Tinh phi QL'!$E$12/1000,J15) -> 0 | J15: =IF(VLOOKUP(B15,KTVBV20namcamket!$B$4:$M$243,10,0)<=0,"Mất hiệu lực",VLOOKUP(B15,KTVBV20namcamket!$B$4:$M$243,10,0)) -> Mất hiệu lực | L15: =J15 -> Mất hiệu lực | M15: =L15 -> Mất hiệu lực
B16: 10 | C16: =IF(ROW(A10)>'Tinh phi QL'!$D$12,"",ROW(A10)) -> 10 | D16: =D15+1 -> 39 | E16: =IF(IFERROR(--TRIM(C16),0)=0,0,'Tinh phi QL'!$H$12/1000) -> 0 | F16: =E16*98.8% -> 0 | G16: =VTLGTTKcamket!G16 -> 7495 | H16: =MAX('Tinh phi QL'!$E$12/1000,J16) -> 0 | I16: =KTVBV20namcamket!I112 -> 0 | J16: =IF(VLOOKUP(B16,KTVBV20namcamket!$B$4:$M$243,10,0)<=0,"Mất hiệu lực",VLOOKUP(B16,KTVBV20namcamket!$B$4:$M$243,10,0)) -> Mất hiệu lực | L16: =J16 -> Mất hiệu lực | M16: =L16 -> Mất hiệu lực
B17: 11 | C17: =IF(ROW(A11)>'Tinh phi QL'!$D$12,"",ROW(A11)) -> 11 | D17: =D16+1 -> 40 | E17: =IF(IFERROR(--TRIM(C17),0)=0,0,'Tinh phi QL'!$H$12/1000) -> 0 | F17: =E17 -> 0 | G17: =VTLGTTKcamket!G17 -> 8533 | H17: =MAX('Tinh phi QL'!$E$12/1000,J17) -> 0 | J17: =IF(VLOOKUP(B17,KTVBV20namcamket!$B$4:$M$243,10,0)<=0,"Mất hiệu lực",VLOOKUP(B17,KTVBV20namcamket!$B$4:$M$243,10,0)) -> Mất hiệu lực | L17: =J17 -> Mất hiệu lực | M17: =L17 -> Mất hiệu lực
B18: 12 | C18: =IF(ROW(A12)>'Tinh phi QL'!$D$12,"",ROW(A12)) -> 12 | D18: =D17+1 -> 41 | E18: =IF(IFERROR(--TRIM(C18),0)=0,0,'Tinh phi QL'!$H$12/1000) -> 0 | F18: =E18 -> 0 | G18: =VTLGTTKcamket!G18 -> 8533 | H18: =MAX('Tinh phi QL'!$E$12/1000,J18) -> 0 | J18: =IF(VLOOKUP(B18,KTVBV20namcamket!$B$4:$M$243,10,0)<=0,"Mất hiệu lực",VLOOKUP(B18,KTVBV20namcamket!$B$4:$M$243,10,0)) -> Mất hiệu lực | L18: =J18 -> Mất hiệu lực | M18: =L18 -> Mất hiệu lực
B19: 13 | C19: =IF(ROW(A13)>'Tinh phi QL'!$D$12,"",ROW(A13)) -> 13 | D19: =D18+1 -> 42 | E19: =IF(IFERROR(--TRIM(C19),0)=0,0,'Tinh phi QL'!$H$12/1000) -> 0 | F19: =E19 -> 0 | G19: =VTLGTTKcamket!G19 -> 8533 | H19: =MAX('Tinh phi QL'!$E$12/1000,J19) -> 0 | J19: =IF(VLOOKUP(B19,KTVBV20namcamket!$B$4:$M$243,10,0)<=0,"Mất hiệu lực",VLOOKUP(B19,KTVBV20namcamket!$B$4:$M$243,10,0)) -> Mất hiệu lực | L19: =J19 -> Mất hiệu lực | M19: =L19 -> Mất hiệu lực
B20: 14 | C20: =IF(ROW(A14)>'Tinh phi QL'!$D$12,"",ROW(A14)) -> 14 | D20: =D19+1 -> 43 | E20: =IF(IFERROR(--TRIM(C20),0)=0,0,'Tinh phi QL'!$H$12/1000) -> 0 | F20: =E20 -> 0 | G20: =VTLGTTKcamket!G20 -> 8533 | H20: =MAX('Tinh phi QL'!$E$12/1000,J20) -> 0 | J20: =IF(VLOOKUP(B20,KTVBV20namcamket!$B$4:$M$243,10,0)<=0,"Mất hiệu lực",VLOOKUP(B20,KTVBV20namcamket!$B$4:$M$243,10,0)) -> Mất hiệu lực | L20: =J20 -> Mất hiệu lực | M20: =L20 -> Mất hiệu lực
B21: 15 | C21: =IF(ROW(A15)>'Tinh phi QL'!$D$12,"",ROW(A15)) -> 15 | D21: =D20+1 -> 44 | E21: =IF(IFERROR(--TRIM(C21),0)=0,0,'Tinh phi QL'!$H$12/1000) -> 0 | F21: =E21 -> 0 | G21: =VTLGTTKcamket!G21 -> 8533 | H21: =MAX('Tinh phi QL'!$E$12/1000,J21) -> 0 | J21: =IF(VLOOKUP(B21,KTVBV20namcamket!$B$4:$M$243,10,0)<=0,"Mất hiệu lực",VLOOKUP(B21,KTVBV20namcamket!$B$4:$M$243,10,0)) -> Mất hiệu lực | L21: =J21 -> Mất hiệu lực | M21: =L21 -> Mất hiệu lực
B22: 16 | C22: =IF(ROW(A16)>'Tinh phi QL'!$D$12,"",ROW(A16)) | D22: =D21+1 -> 45 | E22: =IF(IFERROR(--TRIM(C22),0)=0,0,'Tinh phi QL'!$H$12/1000) -> 0 | F22: =E22 -> 0 | G22: =VTLGTTKcamket!G22 -> 10469 | H22: =MAX('Tinh phi QL'!$E$12/1000,J22) -> 0 | J22: =IF(VLOOKUP(B22,KTVBV20namcamket!$B$4:$M$243,10,0)<=0,"Mất hiệu lực",VLOOKUP(B22,KTVBV20namcamket!$B$4:$M$243,10,0)) -> Mất hiệu lực | L22: =J22 -> Mất hiệu lực | M22: =L22 -> Mất hiệu lực
B23: 17 | C23: =IF(ROW(A17)>'Tinh phi QL'!$D$12,"",ROW(A17)) | D23: =D22+1 -> 46 | E23: =IF(IFERROR(--TRIM(C23),0)=0,0,'Tinh phi QL'!$H$12/1000) -> 0 | F23: =E23 -> 0 | G23: =VTLGTTKcamket!G23 -> 10469 | H23: =MAX('Tinh phi QL'!$E$12/1000,J23) -> 0 | J23: =IF(VLOOKUP(B23,KTVBV20namcamket!$B$4:$M$243,10,0)<=0,"Mất hiệu lực",VLOOKUP(B23,KTVBV20namcamket!$B$4:$M$243,10,0)) -> Mất hiệu lực | L23: =J23 -> Mất hiệu lực | M23: =L23 -> Mất hiệu lực
B24: 18 | C24: =IF(ROW(A18)>'Tinh phi QL'!$D$12,"",ROW(A18)) | D24: =D23+1 -> 47 | E24: =IF(IFERROR(--TRIM(C24),0)=0,0,'Tinh phi QL'!$H$12/1000) -> 0 | F24: =E24 -> 0 | G24: =VTLGTTKcamket!G24 -> 10469 | H24: =MAX('Tinh phi QL'!$E$12/1000,J24) -> 0 | J24: =IF(VLOOKUP(B24,KTVBV20namcamket!$B$4:$M$243,10,0)<=0,"Mất hiệu lực",VLOOKUP(B24,KTVBV20namcamket!$B$4:$M$243,10,0)) -> Mất hiệu lực | L24: =J24 -> Mất hiệu lực | M24: =L24 -> Mất hiệu lực
B25: 19 | C25: =IF(ROW(A19)>'Tinh phi QL'!$D$12,"",ROW(A19)) | D25: =D24+1 -> 48 | E25: =IF(IFERROR(--TRIM(C25),0)=0,0,'Tinh phi QL'!$H$12/1000) -> 0 | F25: =E25 -> 0 | G25: =VTLGTTKcamket!G25 -> 10469 | H25: =MAX('Tinh phi QL'!$E$12/1000,J25) -> 0 | J25: =IF(VLOOKUP(B25,KTVBV20namcamket!$B$4:$M$243,10,0)<=0,"Mất hiệu lực",VLOOKUP(B25,KTVBV20namcamket!$B$4:$M$243,10,0)) -> Mất hiệu lực | L25: =J25 -> Mất hiệu lực | M25: =L25 -> Mất hiệu lực
B26: 20 | C26: =IF(ROW(A20)>'Tinh phi QL'!$D$12,"",ROW(A20)) | D26: =D25+1 -> 49 | E26: =IF(IFERROR(--TRIM(C26),0)=0,0,'Tinh phi QL'!$H$12/1000) -> 0 | F26: =E26 -> 0 | G26: =VTLGTTKcamket!G26 -> 10469 | H26: =MAX('Tinh phi QL'!$E$12/1000,J26) -> 0 | I26: =KTVBV20namcamket!I232 -> 0 | J26: =IF(VLOOKUP(B26,KTVBV20namcamket!$B$4:$M$243,10,0)<=0,"Mất hiệu lực",VLOOKUP(B26,KTVBV20namcamket!$B$4:$M$243,10,0)) -> Mất hiệu lực | L26: =J26 -> Mất hiệu lực | M26: =L26 -> Mất hiệu lực

Sheet KTVBVGTTKMH
B2: KHỎE TRỌN VẸN - BỀN VỮNG | F2: Quyền lợi minh họa tại mức lãi suất minh họa (đang mặc định để ở 4.6%, chỉ cần thay đổi thành 3% hoặc % bất kỳ!) | M2: 0.046
B4: CHÚ Ý KIỂM TRA LẠI PHẦN TÍNH PHÍ XEM ĐÚNG TUỔI, GIỚI TÍNH, QUYỀN LỢI! | M4: Đơn vị: 000 đ
B5: Năm HĐ | C5: Năm đóng phí | D5: Tuổi | E5: Tổng phí bảo hiểm sản phẩm BHNT | F5: Phí sản phẩm BHNT đem đi đầu tư | G5: Phí bảo hiểm sản phẩm BHBK | H5: Quyền lợi tử vong/ TTTBVV
H6: Quyền lợi TTTB&VV (trước 75 tuổi)/ Tử vong | I6: Thưởng duy trì đóng phí | J6: GTTK cơ bản | K6: GTTK đóng thêm | L6: GTTK hợp đồng | M6: Giá trị hoàn lại của hợp đồng
B7: 1 | C7: =IF(ROW(A1)>'Tinh phi QL'!$D$12,"",ROW(A1)) -> 1 | D7: ='Tinh phi QL'!I8 -> 30 | E7: =IF(IFERROR(--TRIM(C7),0)=0,0,'Tinh phi QL'!$H$12/1000) -> 0 | F7: =E7*70% -> 0 | G7: =KTVBVGTTKcamket!G7 -> 6571 | H7: =MAX('Tinh phi QL'!$E$12/1000,J7) -> 0 | J7: =IF(VLOOKUP(B7,KTVBV20namMH!$B$4:$M$243,10,0)<=0,"Mất hiệu lực",VLOOKUP(B7,KTVBV20namMH!$B$4:$M$243,10,0)) -> Mất hiệu lực | L7: =J7 -> Mất hiệu lực | M7: =IF(L7-100%*E7>0,L7-100%*E7,0) -> #VALUE!
B8: 2 | C8: =IF(ROW(A2)>'Tinh phi QL'!$D$12,"",ROW(A2)) -> 2 | D8: =D7+1 -> 31 | E8: =IF(IFERROR(--TRIM(C8),0)=0,0,'Tinh phi QL'!$H$12/1000) -> 0 | F8: =E8*82% -> 0 | G8: =KTVBVGTTKcamket!G8 -> 6571 | H8: =MAX('Tinh phi QL'!$E$12/1000,J8) -> 0 | J8: =IF(VLOOKUP(B8,KTVBV20namMH!$B$4:$M$243,10,0)<=0,"Mất hiệu lực",VLOOKUP(B8,KTVBV20namMH!$B$4:$M$243,10,0)) -> Mất hiệu lực | L8: =J8 -> Mất hiệu lực | M8: =IF(L8-100%*E8>0,L8-100%*E8,0) -> #VALUE!
B9: 3 | C9: =IF(ROW(A3)>'Tinh phi QL'!$D$12,"",ROW(A3)) -> 3 | D9: =D8+1 -> 32 | E9: =IF(IFERROR(--TRIM(C9),0)=0,0,'Tinh phi QL'!$H$12/1000) -> 0 | F9: =E9*88% -> 0 | G9: =KTVBVGTTKcamket!G9 -> 6571 | H9: =MAX('Tinh phi QL'!$E$12/1000,J9) -> 0 | J9: =IF(VLOOKUP(B9,KTVBV20namMH!$B$4:$M$243,10,0)<=0,"Mất hiệu lực",VLOOKUP(B9,KTVBV20namMH!$B$4:$M$243,10,0)) -> Mất hiệu lực | L9: =J9 -> Mất hiệu lực | M9: =L9-40%*E9 -> #VALUE!
B10: 4 | C10: =IF(ROW(A4)>'Tinh phi QL'!$D$12,"",ROW(A4)) -> 4 | D10: =D9+1 -> 33 | E10: =IF(IFERROR(--TRIM(C10),0)=0,0,'Tinh phi QL'!$H$12/1000) -> 0 | F10: =E10*88% -> 0 | G10: =KTVBVGTTKcamket!G10 -> 6571 | H10: =MAX('Tinh phi QL'!$E$12/1000,J10) -> 0 | J10: =IF(VLOOKUP(B10,KTVBV20namMH!$B$4:$M$243,10,0)<=0,"Mất hiệu lực",VLOOKUP(B10,KTVBV20namMH!$B$4:$M$243,10,0)) -> Mất hiệu lực | L10: =J10 -> Mất hiệu lực | M10: =L10-25%*E10 -> #VALUE!
B11: 5 | C11: =IF(ROW(A5)>'Tinh phi QL'!$D$12,"",ROW(A5)) -> 5 | D11: =D10+1 -> 34 | E11: =IF(IFERROR(--TRIM(C11),0)=0,0,'Tinh phi QL'!$H$12/1000) -> 0 | F11: =E11*88% -> 0 | G11: =KTVBVGTTKcamket!G11 -> 6571 | H11: =MAX('Tinh phi QL'!$E$12/1000,J11) -> 0 | J11: =IF(VLOOKUP(B11,KTVBV20namMH!$B$4:$M$243,10,0)<=0,"Mất hiệu lực",VLOOKUP(B11,KTVBV20namMH!$B$4:$M$243,10,0)) -> Mất hiệu lực | L11: =J11 -> Mất hiệu lực | M11: =L11-10%*E11 -> #VALUE!
B12: 6 | C12: =IF(ROW(A6)>'Tinh phi QL'!$D$12,"",ROW(A6)) -> 6 | D12: =D11+1 -> 35 | E12: =IF(IFERROR(--TRIM(C12),0)=0,0,'Tinh phi QL'!$H$12/1000) -> 0 | F12: =E12*98.8% -> 0 | G12: =KTVBVGTTKcamket!G12 -> 7495 | H12: =MAX('Tinh phi QL'!$E$12/1000,J12) -> 0 | J12: =IF(VLOOKUP(B12,KTVBV20namMH!$B$4:$M$243,10,0)<=0,"Mất hiệu lực",VLOOKUP(B12,KTVBV20namMH!$B$4:$M$243,10,0)) -> Mất hiệu lực | L12: =J12 -> Mất hiệu lực | M12: =L12 -> Mất hiệu lực
B13: 7 | C13: =IF(ROW(A7)>'Tinh phi QL'!$D$12,"",ROW(A7)) -> 7 | D13: =D12+1 -> 36 | E13: =IF(IFERROR(--TRIM(C13),0)=0,0,'Tinh phi QL'!$H$12/1000) -> 0 | F13: =E13*98.8% -> 0 | G13: =KTVBVGTTKcamket!G13 -> 7495 | H13: =MAX('Tinh phi QL'!$E$12/1000,J13) -> 0 | J13: =IF(VLOOKUP(B13,KTVBV20namMH!$B$4:$M$243,10,0)<=0,"Mất hiệu lực",VLOOKUP(B13,KTVBV20namMH!$B$4:$M$243,10,0)) -> Mất hiệu lực | L13: =J13 -> Mất hiệu lực | M13: =L13 -> Mất hiệu lực
B14: 8 | C14: =IF(ROW(A8)>'Tinh phi QL'!$D$12,"",ROW(A8)) -> 8 | D14: =D13+1 -> 37 | E14: =IF(IFERROR(--TRIM(C14),0)=0,0,'Tinh phi QL'!$H$12/1000) -> 0 | F14: =E14*98.8% -> 0 | G14: =KTVBVGTTKcamket!G14 -> 7495 | H14: =MAX('Tinh phi QL'!$E$12/1000,J14) -> 0 | J14: =IF(VLOOKUP(B14,KTVBV20namMH!$B$4:$M$243,10,0)<=0,"Mất hiệu lực",VLOOKUP(B14,KTVBV20namMH!$B$4:$M$243,10,0)) -> Mất hiệu lực | L14: =J14 -> Mất hiệu lực | M14: =L14 -> Mất hiệu lực
B15: 9 | C15: =IF(ROW(A9)>'Tinh phi QL'!$D$12,"",ROW(A9)) -> 9 | D15: =D14+1 -> 38 | E15: =IF(IFERROR(--TRIM(C15),0)=0,0,'Tinh phi QL'!$H$12/1000) -> 0 | F15: =E15*98.8% -> 0 | G15: =KTVBVGTTKcamket!G15 -> 7495 | H15: =MAX('Tinh phi QL'!$E$12/1000,J15) -> 0 | J15: =IF(VLOOKUP(B15,KTVBV20namMH!$B$4:$M$243,10,0)<=0,"Mất hiệu lực",VLOOKUP(B15,KTVBV20namMH!$B$4:$M$243,10,0)) -> Mất hiệu lực | L15: =J15 -> Mất hiệu lực | M15: =L15 -> Mất hiệu lực
B16: 10 | C16: =IF(ROW(A10)>'Tinh phi QL'!$D$12,"",ROW(A10)) -> 10 | D16: =D15+1 -> 39 | E16: =IF(IFERROR(--TRIM(C16),0)=0,0,'Tinh phi QL'!$H$12/1000) -> 0 | F16: =E16*98.8% -> 0 | G16: =KTVBVGTTKcamket!G16 -> 7495 | H16: =MAX('Tinh phi QL'!$E$12/1000,J16) -> 0 | I16: =KTVBV20namMH!I112 -> 0 | J16: =IF(VLOOKUP(B16,KTVBV20namMH!$B$4:$M$243,10,0)<=0,"Mất hiệu lực",VLOOKUP(B16,KTVBV20namMH!$B$4:$M$243,10,0)) -> Mất hiệu lực | L16: =J16 -> Mất hiệu lực | M16: =L16 -> Mất hiệu lực
B17: 11 | C17: =IF(ROW(A11)>'Tinh phi QL'!$D$12,"",ROW(A11)) -> 11 | D17: =D16+1 -> 40 | E17: =IF(IFERROR(--TRIM(C17),0)=0,0,'Tinh phi QL'!$H$12/1000) -> 0 | F17: =E17 -> 0 | G17: =KTVBVGTTKcamket!G17 -> 8533 | H17: =MAX('Tinh phi QL'!$E$12/1000,J17) -> 0 | J17: =IF(VLOOKUP(B17,KTVBV20namMH!$B$4:$M$243,10,0)<=0,"Mất hiệu lực",VLOOKUP(B17,KTVBV20namMH!$B$4:$M$243,10,0)) -> Mất hiệu lực | L17: =J17 -> Mất hiệu lực | M17: =L17 -> Mất hiệu lực
B18: 12 | C18: =IF(ROW(A12)>'Tinh phi QL'!$D$12,"",ROW(A12)) -> 12 | D18: =D17+1 -> 41 | E18: =IF(IFERROR(--TRIM(C18),0)=0,0,'Tinh phi QL'!$H$12/1000) -> 0 | F18: =E18 -> 0 | G18: =KTVBVGTTKcamket!G18 -> 8533 | H18: =MAX('Tinh phi QL'!$E$12/1000,J18) -> 0 | J18: =IF(VLOOKUP(B18,KTVBV20namMH!$B$4:$M$243,10,0)<=0,"Mất hiệu lực",VLOOKUP(B18,KTVBV20namMH!$B$4:$M$243,10,0)) -> Mất hiệu lực | L18: =J18 -> Mất hiệu lực | M18: =L18 -> Mất hiệu lực
B19: 13 | C19: =IF(ROW(A13)>'Tinh phi QL'!$D$12,"",ROW(A13)) -> 13 | D19: =D18+1 -> 42 | E19: =IF(IFERROR(--TRIM(C19),0)=0,0,'Tinh phi QL'!$H$12/1000) -> 0 | F19: =E19 -> 0 | G19: =KTVBVGTTKcamket!G19 -> 8533 | H19: =MAX('Tinh phi QL'!$E$12/1000,J19) -> 0 | J19: =IF(VLOOKUP(B19,KTVBV20namMH!$B$4:$M$243,10,0)<=0,"Mất hiệu lực",VLOOKUP(B19,KTVBV20namMH!$B$4:$M$243,10,0)) -> Mất hiệu lực | L19: =J19 -> Mất hiệu lực | M19: =L19 -> Mất hiệu lực
B20: 14 | C20: =IF(ROW(A14)>'Tinh phi QL'!$D$12,"",ROW(A14)) -> 14 | D20: =D19+1 -> 43 | E20: =IF(IFERROR(--TRIM(C20),0)=0,0,'Tinh phi QL'!$H$12/1000) -> 0 | F20: =E20 -> 0 | G20: =KTVBVGTTKcamket!G20 -> 8533 | H20: =MAX('Tinh phi QL'!$E$12/1000,J20) -> 0 | J20: =IF(VLOOKUP(B20,KTVBV20namMH!$B$4:$M$243,10,0)<=0,"Mất hiệu lực",VLOOKUP(B20,KTVBV20namMH!$B$4:$M$243,10,0)) -> Mất hiệu lực | L20: =J20 -> Mất hiệu lực | M20: =L20 -> Mất hiệu lực
B21: 15 | C21: =IF(ROW(A15)>'Tinh phi QL'!$D$12,"",ROW(A15)) -> 15 | D21: =D20+1 -> 44 | E21: =IF(IFERROR(--TRIM(C21),0)=0,0,'Tinh phi QL'!$H$12/1000) -> 0 | F21: =E21 -> 0 | G21: =KTVBVGTTKcamket!G21 -> 8533 | H21: =MAX('Tinh phi QL'!$E$12/1000,J21) -> 0 | J21: =IF(VLOOKUP(B21,KTVBV20namMH!$B$4:$M$243,10,0)<=0,"Mất hiệu lực",VLOOKUP(B21,KTVBV20namMH!$B$4:$M$243,10,0)) -> Mất hiệu lực | L21: =J21 -> Mất hiệu lực | M21: =L21 -> Mất hiệu lực
B22: 16 | C22: =IF(ROW(A16)>'Tinh phi QL'!$D$12,"",ROW(A16)) | D22: =D21+1 -> 45 | E22: =IF(IFERROR(--TRIM(C22),0)=0,0,'Tinh phi QL'!$H$12/1000) -> 0 | F22: =E22 -> 0 | G22: =KTVBVGTTKcamket!G22 -> 10469 | H22: =MAX('Tinh phi QL'!$E$12/1000,J22) -> 0 | J22: =IF(VLOOKUP(B22,KTVBV20namMH!$B$4:$M$243,10,0)<=0,"Mất hiệu lực",VLOOKUP(B22,KTVBV20namMH!$B$4:$M$243,10,0)) -> Mất hiệu lực | L22: =J22 -> Mất hiệu lực | M22: =L22 -> Mất hiệu lực
B23: 17 | C23: =IF(ROW(A17)>'Tinh phi QL'!$D$12,"",ROW(A17)) | D23: =D22+1 -> 46 | E23: =IF(IFERROR(--TRIM(C23),0)=0,0,'Tinh phi QL'!$H$12/1000) -> 0 | F23: =E23 -> 0 | G23: =KTVBVGTTKcamket!G23 -> 10469 | H23: =MAX('Tinh phi QL'!$E$12/1000,J23) -> 0 | J23: =IF(VLOOKUP(B23,KTVBV20namMH!$B$4:$M$243,10,0)<=0,"Mất hiệu lực",VLOOKUP(B23,KTVBV20namMH!$B$4:$M$243,10,0)) -> Mất hiệu lực | L23: =J23 -> Mất hiệu lực | M23: =L23 -> Mất hiệu lực
B24: 18 | C24: =IF(ROW(A18)>'Tinh phi QL'!$D$12,"",ROW(A18)) | D24: =D23+1 -> 47 | E24: =IF(IFERROR(--TRIM(C24),0)=0,0,'Tinh phi QL'!$H$12/1000) -> 0 | F24: =E24 -> 0 | G24: =KTVBVGTTKcamket!G24 -> 10469 | H24: =MAX('Tinh phi QL'!$E$12/1000,J24) -> 0 | J24: =IF(VLOOKUP(B24,KTVBV20namMH!$B$4:$M$243,10,0)<=0,"Mất hiệu lực",VLOOKUP(B24,KTVBV20namMH!$B$4:$M$243,10,0)) -> Mất hiệu lực | L24: =J24 -> Mất hiệu lực | M24: =L24 -> Mất hiệu lực
B25: 19 | C25: =IF(ROW(A19)>'Tinh phi QL'!$D$12,"",ROW(A19)) | D25: =D24+1 -> 48 | E25: =IF(IFERROR(--TRIM(C25),0)=0,0,'Tinh phi QL'!$H$12/1000) -> 0 | F25: =E25 -> 0 | G25: =KTVBVGTTKcamket!G25 -> 10469 | H25: =MAX('Tinh phi QL'!$E$12/1000,J25) -> 0 | J25: =IF(VLOOKUP(B25,KTVBV20namMH!$B$4:$M$243,10,0)<=0,"Mất hiệu lực",VLOOKUP(B25,KTVBV20namMH!$B$4:$M$243,10,0)) -> Mất hiệu lực | L25: =J25 -> Mất hiệu lực | M25: =L25 -> Mất hiệu lực
B26: 20 | C26: =IF(ROW(A20)>'Tinh phi QL'!$D$12,"",ROW(A20)) | D26: =D25+1 -> 49 | E26: =IF(IFERROR(--TRIM(C26),0)=0,0,'Tinh phi QL'!$H$12/1000) -> 0 | F26: =E26 -> 0 | G26: =KTVBVGTTKcamket!G26 -> 10469 | H26: =MAX('Tinh phi QL'!$E$12/1000,J26) -> 0 | I26: =KTVBV20namMH!I232 -> 0 | J26: =IF(VLOOKUP(B26,KTVBV20namMH!$B$4:$M$243,10,0)<=0,"Mất hiệu lực",VLOOKUP(B26,KTVBV20namMH!$B$4:$M$243,10,0)) -> Mất hiệu lực | L26: =J26 -> Mất hiệu lực | M26: =L26 -> Mất hiệu lực

Sheet KTVTUGTTKcamket
B2: KHỎE TRỌN VẸN - TỐI ƯU | H2: Quyền lợi minh họa tại mức lãi suất cam kết
B4: CHÚ Ý KIỂM TRA LẠI PHẦN TÍNH PHÍ XEM ĐÚNG TUỔI, GIỚI TÍNH, QUYỀN LỢI! | M4: Đơn vị: 000 đ
B5: Năm HĐ | C5: Năm đóng phí | D5: Tuổi | E5: Tổng phí bảo hiểm sản phẩm BHNT | F5: Phí sản phẩm BHNT đem đi đầu tư | G5: Phí bảo hiểm sản phẩm BHBK | H5: Quyền lợi tử vong/ TTTBVV
H6: Quyền lợi TTTB&VV (trước 75 tuổi)/ Tử vong | I6: Thưởng duy trì đóng phí | J6: GTTK cơ bản | K6: GTTK đóng thêm | L6: GTTK hợp đồng | M6: Giá trị hoàn lại của hợp đồng
B7: 1 | C7: =IF(ROW(A1)>'Tinh phi QL'!$D$12,"",ROW(A1)) -> 1 | D7: ='Tinh phi QL'!I8 -> 30 | E7: =IF(IFERROR(--TRIM(C7),0)=0,0,'Tinh phi QL'!$H$12/1000) -> 0 | F7: =E7*90% -> 0 | G7: =KTVBVPhi20nam!AI4 -> 6571 | H7: =MAX('Tinh phi QL'!$E$12/1000,J7) -> 0 | J7: =IF(VLOOKUP(B7,KTVTU20namcamket!$B$4:$M$243,10,0)<=0,"Mất hiệu lực",VLOOKUP(B7,KTVTU20namcamket!$B$4:$M$243,10,0)) -> Mất hiệu lực | L7: =J7 -> Mất hiệu lực | M7: =IF(L7-100%*E7>0,L7-100%*E7,0) -> #VALUE!
B8: 2 | C8: =IF(ROW(A2)>'Tinh phi QL'!$D$12,"",ROW(A2)) -> 2 | D8: =D7+1 -> 31 | E8: =IF(IFERROR(--TRIM(C8),0)=0,0,'Tinh phi QL'!$H$12/1000) -> 0 | F8: =E8*100% -> 0 | G8: =KTVBVPhi20nam!AI5 -> 6571 | H8: =MAX('Tinh phi QL'!$E$12/1000,J8) -> 0 | J8: =IF(VLOOKUP(B8,KTVTU20namcamket!$B$4:$M$243,10,0)<=0,"Mất hiệu lực",VLOOKUP(B8,KTVTU20namcamket!$B$4:$M$243,10,0)) -> Mất hiệu lực | L8: =J8 -> Mất hiệu lực | M8: =IF(L8-100%*E8>0,L8-100%*E8,0) -> #VALUE!
B9: 3 | C9: =IF(ROW(A3)>'Tinh phi QL'!$D$12,"",ROW(A3)) -> 3 | D9: =D8+1 -> 32 | E9: =IF(IFERROR(--TRIM(C9),0)=0,0,'Tinh phi QL'!$H$12/1000) -> 0 | F9: =E9*100% -> 0 | G9: =KTVBVPhi20nam!AI6 -> 6571 | H9: =MAX('Tinh phi QL'!$E$12/1000,J9) -> 0 | J9: =IF(VLOOKUP(B9,KTVTU20namcamket!$B$4:$M$243,10,0)<=0,"Mất hiệu lực",VLOOKUP(B9,KTVTU20namcamket!$B$4:$M$243,10,0)) -> Mất hiệu lực | L9: =J9 -> Mất hiệu lực | M9: =L9-40%*E9 -> #VALUE!
B10: 4 | C10: =IF(ROW(A4)>'Tinh phi QL'!$D$12,"",ROW(A4)) -> 4 | D10: =D9+1 -> 33 | E10: =IF(IFERROR(--TRIM(C10),0)=0,0,'Tinh phi QL'!$H$12/1000) -> 0 | F10: =E10*100% -> 0 | G10: =KTVBVPhi20nam!AI7 -> 6571 | H10: =MAX('Tinh phi QL'!$E$12/1000,J10) -> 0 | J10: =IF(VLOOKUP(B10,KTVTU20namcamket!$B$4:$M$243,10,0)<=0,"Mất hiệu lực",VLOOKUP(B10,KTVTU20namcamket!$B$4:$M$243,10,0)) -> Mất hiệu lực | L10: =J10 -> Mất hiệu lực | M10: =L10-25%*E10 -> #VALUE!
B11: 5 | C11: =IF(ROW(A5)>'Tinh phi QL'!$D$12,"",ROW(A5)) -> 5 | D11: =D10+1 -> 34 | E11: =IF(IFERROR(--TRIM(C11),0)=0,0,'Tinh phi QL'!$H$12/1000) -> 0 | F11: =E11*100% -> 0 | G11: =KTVBVPhi20nam!AI8 -> 6571 | H11: =MAX('Tinh phi QL'!$E$12/1000,J11) -> 0 | J11: =IF(VLOOKUP(B11,KTVTU20namcamket!$B$4:$M$243,10,0)<=0,"Mất hiệu lực",VLOOKUP(B11,KTVTU20namcamket!$B$4:$M$243,10,0)) -> Mất hiệu lực | L11: =J11 -> Mất hiệu lực | M11: =L11-10%*E11 -> #VALUE!
B12: 6 | C12: =IF(ROW(A6)>'Tinh phi QL'!$D$12,"",ROW(A6)) -> 6 | D12: =D11+1 -> 35 | E12: =IF(IFERROR(--TRIM(C12),0)=0,0,'Tinh phi QL'!$H$12/1000) -> 0 | F12: =E12*100% -> 0 | G12: =KTVBVPhi20nam!AI9 -> 7495 | H12: =MAX('Tinh phi QL'!$E$12/1000,J12) -> 0 | J12: =IF(VLOOKUP(B12,KTVTU20namcamket!$B$4:$M$243,10,0)<=0,"Mất hiệu lực",VLOOKUP(B12,KTVTU20namcamket!$B$4:$M$243,10,0)) -> Mất hiệu lực | L12: =J12 -> Mất hiệu lực | M12: =L12 -> Mất hiệu lực
B13: 7 | C13: =IF(ROW(A7)>'Tinh phi QL'!$D$12,"",ROW(A7)) -> 7 | D13: =D12+1 -> 36 | E13: =IF(IFERROR(--TRIM(C13),0)=0,0,'Tinh phi QL'!$H$12/1000) -> 0 | F13: =E13*100% -> 0 | G13: =KTVBVPhi20nam!AI10 -> 7495 | H13: =MAX('Tinh phi QL'!$E$12/1000,J13) -> 0 | J13: =IF(VLOOKUP(B13,KTVTU20namcamket!$B$4:$M$243,10,0)<=0,"Mất hiệu lực",VLOOKUP(B13,KTVTU20namcamket!$B$4:$M$243,10,0)) -> Mất hiệu lực | L13: =J13 -> Mất hiệu lực | M13: =L13 -> Mất hiệu lực
B14: 8 | C14: =IF(ROW(A8)>'Tinh phi QL'!$D$12,"",ROW(A8)) -> 8 | D14: =D13+1 -> 37 | E14: =IF(IFERROR(--TRIM(C14),0)=0,0,'Tinh phi QL'!$H$12/1000) -> 0 | F14: =E14*100% -> 0 | G14: =KTVBVPhi20nam!AI11 -> 7495 | H14: =MAX('Tinh phi QL'!$E$12/1000,J14) -> 0 | J14: =IF(VLOOKUP(B14,KTVTU20namcamket!$B$4:$M$243,10,0)<=0,"Mất hiệu lực",VLOOKUP(B14,KTVTU20namcamket!$B$4:$M$243,10,0)) -> Mất hiệu lực | L14: =J14 -> Mất hiệu lực | M14: =L14 -> Mất hiệu lực
B15: 9 | C15: =IF(ROW(A9)>'Tinh phi QL'!$D$12,"",ROW(A9)) -> 9 | D15: =D14+1 -> 38 | E15: =IF(IFERROR(--TRIM(C15),0)=0,0,'Tinh phi QL'!$H$12/1000) -> 0 | F15: =E15*100% -> 0 | G15: =KTVBVPhi20nam!AI12 -> 7495 | H15: =MAX('Tinh phi QL'!$E$12/1000,J15) -> 0 | J15: =IF(VLOOKUP(B15,KTVTU20namcamket!$B$4:$M$243,10,0)<=0,"Mất hiệu lực",VLOOKUP(B15,KTVTU20namcamket!$B$4:$M$243,10,0)) -> Mất hiệu lực | L15: =J15 -> Mất hiệu lực | M15: =L15 -> Mất hiệu lực
B16: 10 | C16: =IF(ROW(A10)>'Tinh phi QL'!$D$12,"",ROW(A10)) -> 10 | D16: =D15+1 -> 39 | E16: =IF(IFERROR(--TRIM(C16),0)=0,0,'Tinh phi QL'!$H$12/1000) -> 0 | F16: =E16*100% -> 0 | G16: =KTVBVPhi20nam!AI13 -> 7495 | H16: =MAX('Tinh phi QL'!$E$12/1000,J16) -> 0 | I16: =KTVTU20namcamket!I112 -> 0 | J16: =IF(VLOOKUP(B16,KTVTU20namcamket!$B$4:$M$243,10,0)<=0,"Mất hiệu lực",VLOOKUP(B16,KTVTU20namcamket!$B$4:$M$243,10,0)) -> Mất hiệu lực | L16: =J16 -> Mất hiệu lực | M16: =L16 -> Mất hiệu lực
B17: 11 | C17: =IF(ROW(A11)>'Tinh phi QL'!$D$12,"",ROW(A11)) -> 11 | D17: =D16+1 -> 40 | E17: =IF(IFERROR(--TRIM(C17),0)=0,0,'Tinh phi QL'!$H$12/1000) -> 0 | F17: =E17*100% -> 0 | G17: =KTVBVPhi20nam!AI14 -> 8533 | H17: =MAX('Tinh phi QL'!$E$12/1000,J17) -> 0 | J17: =IF(VLOOKUP(B17,KTVTU20namcamket!$B$4:$M$243,10,0)<=0,"Mất hiệu lực",VLOOKUP(B17,KTVTU20namcamket!$B$4:$M$243,10,0)) -> Mất hiệu lực | L17: =J17 -> Mất hiệu lực | M17: =L17 -> Mất hiệu lực
B18: 12 | C18: =IF(ROW(A12)>'Tinh phi QL'!$D$12,"",ROW(A12)) -> 12 | D18: =D17+1 -> 41 | E18: =IF(IFERROR(--TRIM(C18),0)=0,0,'Tinh phi QL'!$H$12/1000) -> 0 | F18: =E18*100% -> 0 | G18: =KTVBVPhi20nam!AI15 -> 8533 | H18: =MAX('Tinh phi QL'!$E$12/1000,J18) -> 0 | J18: =IF(VLOOKUP(B18,KTVTU20namcamket!$B$4:$M$243,10,0)<=0,"Mất hiệu lực",VLOOKUP(B18,KTVTU20namcamket!$B$4:$M$243,10,0)) -> Mất hiệu lực | L18: =J18 -> Mất hiệu lực | M18: =L18 -> Mất hiệu lực
B19: 13 | C19: =IF(ROW(A13)>'Tinh phi QL'!$D$12,"",ROW(A13)) -> 13 | D19: =D18+1 -> 42 | E19: =IF(IFERROR(--TRIM(C19),0)=0,0,'Tinh phi QL'!$H$12/1000) -> 0 | F19: =E19*100% -> 0 | G19: =KTVBVPhi20nam!AI16 -> 8533 | H19: =MAX('Tinh phi QL'!$E$12/1000,J19) -> 0 | J19: =IF(VLOOKUP(B19,KTVTU20namcamket!$B$4:$M$243,10,0)<=0,"Mất hiệu lực",VLOOKUP(B19,KTVTU20namcamket!$B$4:$M$243,10,0)) -> Mất hiệu lực | L19: =J19 -> Mất hiệu lực | M19: =L19 -> Mất hiệu lực
B20: 14 | C20: =IF(ROW(A14)>'Tinh phi QL'!$D$12,"",ROW(A14)) -> 14 | D20: =D19+1 -> 43 | E20: =IF(IFERROR(--TRIM(C20),0)=0,0,'Tinh phi QL'!$H$12/1000) -> 0 | F20: =E20*100% -> 0 | G20: =KTVBVPhi20nam!AI17 -> 8533 | H20: =MAX('Tinh phi QL'!$E$12/1000,J20) -> 0 | J20: =IF(VLOOKUP(B20,KTVTU20namcamket!$B$4:$M$243,10,0)<=0,"Mất hiệu lực",VLOOKUP(B20,KTVTU20namcamket!$B$4:$M$243,10,0)) -> Mất hiệu lực | L20: =J20 -> Mất hiệu lực | M20: =L20 -> Mất hiệu lực
B21: 15 | C21: =IF(ROW(A15)>'Tinh phi QL'!$D$12,"",ROW(A15)) -> 15 | D21: =D20+1 -> 44 | E21: =IF(IFERROR(--TRIM(C21),0)=0,0,'Tinh phi QL'!$H$12/1000) -> 0 | F21: =E21*100% -> 0 | G21: =KTVBVPhi20nam!AI18 -> 8533 | H21: =MAX('Tinh phi QL'!$E$12/1000,J21) -> 0 | J21: =IF(VLOOKUP(B21,KTVTU20namcamket!$B$4:$M$243,10,0)<=0,"Mất hiệu lực",VLOOKUP(B21,KTVTU20namcamket!$B$4:$M$243,10,0)) -> Mất hiệu lực | L21: =J21 -> Mất hiệu lực | M21: =L21 -> Mất hiệu lực
B22: 16 | C22: =IF(ROW(A16)>'Tinh phi QL'!$D$12,"",ROW(A16)) | D22: =D21+1 -> 45 | E22: =IF(IFERROR(--TRIM(C22),0)=0,0,'Tinh phi QL'!$H$12/1000) -> 0 | F22: =E22*100% -> 0 | G22: =KTVBVPhi20nam!AI19 -> 10469 | H22: =MAX('Tinh phi QL'!$E$12/1000,J22) -> 0 | J22: =IF(VLOOKUP(B22,KTVTU20namcamket!$B$4:$M$243,10,0)<=0,"Mất hiệu lực",VLOOKUP(B22,KTVTU20namcamket!$B$4:$M$243,10,0)) -> Mất hiệu lực | L22: =J22 -> Mất hiệu lực | M22: =L22 -> Mất hiệu lực
B23: 17 | C23: =IF(ROW(A17)>'Tinh phi QL'!$D$12,"",ROW(A17)) | D23: =D22+1 -> 46 | E23: =IF(IFERROR(--TRIM(C23),0)=0,0,'Tinh phi QL'!$H$12/1000) -> 0 | F23: =E23*100% -> 0 | G23: =KTVBVPhi20nam!AI20 -> 10469 | H23: =MAX('Tinh phi QL'!$E$12/1000,J23) -> 0 | J23: =IF(VLOOKUP(B23,KTVTU20namcamket!$B$4:$M$243,10,0)<=0,"Mất hiệu lực",VLOOKUP(B23,KTVTU20namcamket!$B$4:$M$243,10,0)) -> Mất hiệu lực | L23: =J23 -> Mất hiệu lực | M23: =L23 -> Mất hiệu lực
B24: 18 | C24: =IF(ROW(A18)>'Tinh phi QL'!$D$12,"",ROW(A18)) | D24: =D23+1 -> 47 | E24: =IF(IFERROR(--TRIM(C24),0)=0,0,'Tinh phi QL'!$H$12/1000) -> 0 | F24: =E24*100% -> 0 | G24: =KTVBVPhi20nam!AI21 -> 10469 | H24: =MAX('Tinh phi QL'!$E$12/1000,J24) -> 0 | J24: =IF(VLOOKUP(B24,KTVTU20namcamket!$B$4:$M$243,10,0)<=0,"Mất hiệu lực",VLOOKUP(B24,KTVTU20namcamket!$B$4:$M$243,10,0)) -> Mất hiệu lực | L24: =J24 -> Mất hiệu lực | M24: =L24 -> Mất hiệu lực
B25: 19 | C25: =IF(ROW(A19)>'Tinh phi QL'!$D$12,"",ROW(A19)) | D25: =D24+1 -> 48 | E25: =IF(IFERROR(--TRIM(C25),0)=0,0,'Tinh phi QL'!$H$12/1000) -> 0 | F25: =E25*100% -> 0 | G25: =KTVBVPhi20nam!AI22 -> 10469 | H25: =MAX('Tinh phi QL'!$E$12/1000,J25) -> 0 | J25: =IF(VLOOKUP(B25,KTVTU20namcamket!$B$4:$M$243,10,0)<=0,"Mất hiệu lực",VLOOKUP(B25,KTVTU20namcamket!$B$4:$M$243,10,0)) -> Mất hiệu lực | L25: =J25 -> Mất hiệu lực | M25: =L25 -> Mất hiệu lực
B26: 20 | C26: =IF(ROW(A20)>'Tinh phi QL'!$D$12,"",ROW(A20)) | D26: =D25+1 -> 49 | E26: =IF(IFERROR(--TRIM(C26),0)=0,0,'Tinh phi QL'!$H$12/1000) -> 0 | F26: =E26*100% -> 0 | G26: =KTVBVPhi20nam!AI23 -> 10469 | H26: =MAX('Tinh phi QL'!$E$12/1000,J26) -> 0 | I26: =KTVTU20namcamket!I232 -> 0 | J26: =IF(VLOOKUP(B26,KTVTU20namcamket!$B$4:$M$243,10,0)<=0,"Mất hiệu lực",VLOOKUP(B26,KTVTU20namcamket!$B$4:$M$243,10,0)) -> Mất hiệu lực | L26: =J26 -> Mất hiệu lực | M26: =L26 -> Mất hiệu lực

Sheet KTVTDGTTKcamket
B2: KHỎE TRỌN VẸN - TOÀN DIỆN | H2: Quyền lợi minh họa tại mức lãi suất cam kết
B4: CHÚ Ý KIỂM TRA LẠI PHẦN TÍNH PHÍ XEM ĐÚNG TUỔI, GIỚI TÍNH, QUYỀN LỢI! | M4: Đơn vị: 000 đ
B5: Năm HĐ | C5: Năm đóng phí | D5: Tuổi | E5: Tổng phí bảo hiểm sản phẩm BHNT | F5: Phí sản phẩm BHNT đem đi đầu tư | G5: Phí bảo hiểm sản phẩm BHBK | H5: Quyền lợi tử vong/ TTTBVV
H6: Quyền lợi TTTB&VV (trước 75 tuổi)/ Tử vong | I6: Thưởng duy trì đóng phí | J6: GTTK cơ bản | K6: GTTK đóng thêm | L6: GTTK hợp đồng | M6: Giá trị hoàn lại của hợp đồng
B7: 1 | C7: =IF(ROW(A1)>'Tinh phi QL'!$D$12,"",ROW(A1)) -> 1 | D7: ='Tinh phi QL'!I8 -> 30 | E7: =IF(IFERROR(--TRIM(C7),0)=0,0,'Tinh phi QL'!$H$12/1000) -> 0 | F7: =E7*50% -> 0 | G7: =KTVBVPhi20nam!AI4 -> 6571 | H7: =MAX('Tinh phi QL'!$E$12/1000,J7) -> 0 | J7: =IF(VLOOKUP(B7,KTVTD20namcamket!$B$4:$M$243,10,0)<=0,"Mất hiệu lực",VLOOKUP(B7,KTVTD20namcamket!$B$4:$M$243,10,0)) -> Mất hiệu lực | L7: =J7 -> Mất hiệu lực | M7: =IF(L7-100%*E7>0,L7-100%*E7,0) -> #VALUE!
B8: 2 | C8: =IF(ROW(A2)>'Tinh phi QL'!$D$12,"",ROW(A2)) -> 2 | D8: =D7+1 -> 31 | E8: =IF(IFERROR(--TRIM(C8),0)=0,0,'Tinh phi QL'!$H$12/1000) -> 0 | F8: =E8*70% -> 0 | G8: =KTVBVPhi20nam!AI5 -> 6571 | H8: =MAX('Tinh phi QL'!$E$12/1000,J8) -> 0 | J8: =IF(VLOOKUP(B8,KTVTD20namcamket!$B$4:$M$243,10,0)<=0,"Mất hiệu lực",VLOOKUP(B8,KTVTD20namcamket!$B$4:$M$243,10,0)) -> Mất hiệu lực | L8: =J8 -> Mất hiệu lực | M8: =IF(L8-100%*E8>0,L8-100%*E8,0) -> #VALUE!
B9: 3 | C9: =IF(ROW(A3)>'Tinh phi QL'!$D$12,"",ROW(A3)) -> 3 | D9: =D8+1 -> 32 | E9: =IF(IFERROR(--TRIM(C9),0)=0,0,'Tinh phi QL'!$H$12/1000) -> 0 | F9: =E9*80% -> 0 | G9: =KTVBVPhi20nam!AI6 -> 6571 | H9: =MAX('Tinh phi QL'!$E$12/1000,J9) -> 0 | J9: =IF(VLOOKUP(B9,KTVTD20namcamket!$B$4:$M$243,10,0)<=0,"Mất hiệu lực",VLOOKUP(B9,KTVTD20namcamket!$B$4:$M$243,10,0)) -> Mất hiệu lực | L9: =J9 -> Mất hiệu lực | M9: =L9-45%*E9 -> #VALUE!
B10: 4 | C10: =IF(ROW(A4)>'Tinh phi QL'!$D$12,"",ROW(A4)) -> 4 | D10: =D9+1 -> 33 | E10: =IF(IFERROR(--TRIM(C10),0)=0,0,'Tinh phi QL'!$H$12/1000) -> 0 | F10: =E10*80% -> 0 | G10: =KTVBVPhi20nam!AI7 -> 6571 | H10: =MAX('Tinh phi QL'!$E$12/1000,J10) -> 0 | J10: =IF(VLOOKUP(B10,KTVTD20namcamket!$B$4:$M$243,10,0)<=0,"Mất hiệu lực",VLOOKUP(B10,KTVTD20namcamket!$B$4:$M$243,10,0)) -> Mất hiệu lực | L10: =J10 -> Mất hiệu lực | M10: =L10-30%*E10 -> #VALUE!
B11: 5 | C11: =IF(ROW(A5)>'Tinh phi QL'!$D$12,"",ROW(A5)) -> 5 | D11: =D10+1 -> 34 | E11: =IF(IFERROR(--TRIM(C11),0)=0,0,'Tinh phi QL'!$H$12/1000) -> 0 | F11: =E11*80% -> 0 | G11: =KTVBVPhi20nam!AI8 -> 6571 | H11: =MAX('Tinh phi QL'!$E$12/1000,J11) -> 0 | J11: =IF(VLOOKUP(B11,KTVTD20namcamket!$B$4:$M$243,10,0)<=0,"Mất hiệu lực",VLOOKUP(B11,KTVTD20namcamket!$B$4:$M$243,10,0)) -> Mất hiệu lực | L11: =J11 -> Mất hiệu lực | M11: =L11-20%*E11 -> #VALUE!
B12: 6 | C12: =IF(ROW(A6)>'Tinh phi QL'!$D$12,"",ROW(A6)) -> 6 | D12: =D11+1 -> 35 | E12: =IF(IFERROR(--TRIM(C12),0)=0,0,'Tinh phi QL'!$H$12/1000) -> 0 | F12: =E12*98% -> 0 | G12: =KTVBVPhi20nam!AI9 -> 7495 | H12: =MAX('Tinh phi QL'!$E$12/1000,J12) -> 0 | J12: =IF(VLOOKUP(B12,KTVTD20namcamket!$B$4:$M$243,10,0)<=0,"Mất hiệu lực",VLOOKUP(B12,KTVTD20namcamket!$B$4:$M$243,10,0)) -> Mất hiệu lực | L12: =J12 -> Mất hiệu lực | M12: =L12 -> Mất hiệu lực
B13: 7 | C13: =IF(ROW(A7)>'Tinh phi QL'!$D$12,"",ROW(A7)) -> 7 | D13: =D12+1 -> 36 | E13: =IF(IFERROR(--TRIM(C13),0)=0,0,'Tinh phi QL'!$H$12/1000) -> 0 | F13: =E13*98% -> 0 | G13: =KTVBVPhi20nam!AI10 -> 7495 | H13: =MAX('Tinh phi QL'!$E$12/1000,J13) -> 0 | J13: =IF(VLOOKUP(B13,KTVTD20namcamket!$B$4:$M$243,10,0)<=0,"Mất hiệu lực",VLOOKUP(B13,KTVTD20namcamket!$B$4:$M$243,10,0)) -> Mất hiệu lực | L13: =J13 -> Mất hiệu lực | M13: =L13 -> Mất hiệu lực
B14: 8 | C14: =IF(ROW(A8)>'Tinh phi QL'!$D$12,"",ROW(A8)) -> 8 | D14: =D13+1 -> 37 | E14: =IF(IFERROR(--TRIM(C14),0)=0,0,'Tinh phi QL'!$H$12/1000) -> 0 | F14: =E14*98% -> 0 | G14: =KTVBVPhi20nam!AI11 -> 7495 | H14: =MAX('Tinh phi QL'!$E$12/1000,J14) -> 0 | J14: =IF(VLOOKUP(B14,KTVTD20namcamket!$B$4:$M$243,10,0)<=0,"Mất hiệu lực",VLOOKUP(B14,KTVTD20namcamket!$B$4:$M$243,10,0)) -> Mất hiệu lực | L14: =J14 -> Mất hiệu lực | M14: =L14 -> Mất hiệu lực
B15: 9 | C15: =IF(ROW(A9)>'Tinh phi QL'!$D$12,"",ROW(A9)) -> 9 | D15: =D14+1 -> 38 | E15: =IF(IFERROR(--TRIM(C15),0)=0,0,'Tinh phi QL'!$H$12/1000) -> 0 | F15: =E15*98% -> 0 | G15: =KTVBVPhi20nam!AI12 -> 7495 | H15: =MAX('Tinh phi QL'!$E$12/1000,J15) -> 0 | J15: =IF(VLOOKUP(B15,KTVTD20namcamket!$B$4:$M$243,10,0)<=0,"Mất hiệu lực",VLOOKUP(B15,KTVTD20namcamket!$B$4:$M$243,10,0)) -> Mất hiệu lực | L15: =J15 -> Mất hiệu lực | M15: =L15 -> Mất hiệu lực
B16: 10 | C16: =IF(ROW(A10)>'Tinh phi QL'!$D$12,"",ROW(A10)) -> 10 | D16: =D15+1 -> 39 | E16: =IF(IFERROR(--TRIM(C16),0)=0,0,'Tinh phi QL'!$H$12/1000) -> 0 | F16: =E16*98% -> 0 | G16: =KTVBVPhi20nam!AI13 -> 7495 | H16: =MAX('Tinh phi QL'!$E$12/1000,J16) -> 0 | I16: =KTVTD20namcamket!I112 -> 0 | J16: =IF(VLOOKUP(B16,KTVTD20namcamket!$B$4:$M$243,10,0)<=0,"Mất hiệu lực",VLOOKUP(B16,KTVTD20namcamket!$B$4:$M$243,10,0)) -> Mất hiệu lực | L16: =J16 -> Mất hiệu lực | M16: =L16 -> Mất hiệu lực
B17: 11 | C17: =IF(ROW(A11)>'Tinh phi QL'!$D$12,"",ROW(A11)) -> 11 | D17: =D16+1 -> 40 | E17: =IF(IFERROR(--TRIM(C17),0)=0,0,'Tinh phi QL'!$H$12/1000) -> 0 | F17: =E17 -> 0 | G17: =KTVBVPhi20nam!AI14 -> 8533 | H17: =MAX('Tinh phi QL'!$E$12/1000,J17) -> 0 | J17: =IF(VLOOKUP(B17,KTVTD20namcamket!$B$4:$M$243,10,0)<=0,"Mất hiệu lực",VLOOKUP(B17,KTVTD20namcamket!$B$4:$M$243,10,0)) -> Mất hiệu lực | L17: =J17 -> Mất hiệu lực | M17: =L17 -> Mất hiệu lực
B18: 12 | C18: =IF(ROW(A12)>'Tinh phi QL'!$D$12,"",ROW(A12)) -> 12 | D18: =D17+1 -> 41 | E18: =IF(IFERROR(--TRIM(C18),0)=0,0,'Tinh phi QL'!$H$12/1000) -> 0 | F18: =E18 -> 0 | G18: =KTVBVPhi20nam!AI15 -> 8533 | H18: =MAX('Tinh phi QL'!$E$12/1000,J18) -> 0 | J18: =IF(VLOOKUP(B18,KTVTD20namcamket!$B$4:$M$243,10,0)<=0,"Mất hiệu lực",VLOOKUP(B18,KTVTD20namcamket!$B$4:$M$243,10,0)) -> Mất hiệu lực | L18: =J18 -> Mất hiệu lực | M18: =L18 -> Mất hiệu lực
B19: 13 | C19: =IF(ROW(A13)>'Tinh phi QL'!$D$12,"",ROW(A13)) -> 13 | D19: =D18+1 -> 42 | E19: =IF(IFERROR(--TRIM(C19),0)=0,0,'Tinh phi QL'!$H$12/1000) -> 0 | F19: =E19 -> 0 | G19: =KTVBVPhi20nam!AI16 -> 8533 | H19: =MAX('Tinh phi QL'!$E$12/1000,J19) -> 0 | J19: =IF(VLOOKUP(B19,KTVTD20namcamket!$B$4:$M$243,10,0)<=0,"Mất hiệu lực",VLOOKUP(B19,KTVTD20namcamket!$B$4:$M$243,10,0)) -> Mất hiệu lực | L19: =J19 -> Mất hiệu lực | M19: =L19 -> Mất hiệu lực
B20: 14 | C20: =IF(ROW(A14)>'Tinh phi QL'!$D$12,"",ROW(A14)) -> 14 | D20: =D19+1 -> 43 | E20: =IF(IFERROR(--TRIM(C20),0)=0,0,'Tinh phi QL'!$H$12/1000) -> 0 | F20: =E20 -> 0 | G20: =KTVBVPhi20nam!AI17 -> 8533 | H20: =MAX('Tinh phi QL'!$E$12/1000,J20) -> 0 | J20: =IF(VLOOKUP(B20,KTVTD20namcamket!$B$4:$M$243,10,0)<=0,"Mất hiệu lực",VLOOKUP(B20,KTVTD20namcamket!$B$4:$M$243,10,0)) -> Mất hiệu lực | L20: =J20 -> Mất hiệu lực | M20: =L20 -> Mất hiệu lực
B21: 15 | C21: =IF(ROW(A15)>'Tinh phi QL'!$D$12,"",ROW(A15)) -> 15 | D21: =D20+1 -> 44 | E21: =IF(IFERROR(--TRIM(C21),0)=0,0,'Tinh phi QL'!$H$12/1000) -> 0 | F21: =E21 -> 0 | G21: =KTVBVPhi20nam!AI18 -> 8533 | H21: =MAX('Tinh phi QL'!$E$12/1000,J21) -> 0 | J21: =IF(VLOOKUP(B21,KTVTD20namcamket!$B$4:$M$243,10,0)<=0,"Mất hiệu lực",VLOOKUP(B21,KTVTD20namcamket!$B$4:$M$243,10,0)) -> Mất hiệu lực | L21: =J21 -> Mất hiệu lực | M21: =L21 -> Mất hiệu lực
B22: 16 | C22: =IF(ROW(A16)>'Tinh phi QL'!$D$12,"",ROW(A16)) | D22: =D21+1 -> 45 | E22: =IF(IFERROR(--TRIM(C22),0)=0,0,'Tinh phi QL'!$H$12/1000) -> 0 | F22: =E22 -> 0 | G22: =KTVBVPhi20nam!AI19 -> 10469 | H22: =MAX('Tinh phi QL'!$E$12/1000,J22) -> 0 | J22: =IF(VLOOKUP(B22,KTVTD20namcamket!$B$4:$M$243,10,0)<=0,"Mất hiệu lực",VLOOKUP(B22,KTVTD20namcamket!$B$4:$M$243,10,0)) -> Mất hiệu lực | L22: =J22 -> Mất hiệu lực | M22: =L22 -> Mất hiệu lực
B23: 17 | C23: =IF(ROW(A17)>'Tinh phi QL'!$D$12,"",ROW(A17)) | D23: =D22+1 -> 46 | E23: =IF(IFERROR(--TRIM(C23),0)=0,0,'Tinh phi QL'!$H$12/1000) -> 0 | F23: =E23 -> 0 | G23: =KTVBVPhi20nam!AI20 -> 10469 | H23: =MAX('Tinh phi QL'!$E$12/1000,J23) -> 0 | J23: =IF(VLOOKUP(B23,KTVTD20namcamket!$B$4:$M$243,10,0)<=0,"Mất hiệu lực",VLOOKUP(B23,KTVTD20namcamket!$B$4:$M$243,10,0)) -> Mất hiệu lực | L23: =J23 -> Mất hiệu lực | M23: =L23 -> Mất hiệu lực
B24: 18 | C24: =IF(ROW(A18)>'Tinh phi QL'!$D$12,"",ROW(A18)) | D24: =D23+1 -> 47 | E24: =IF(IFERROR(--TRIM(C24),0)=0,0,'Tinh phi QL'!$H$12/1000) -> 0 | F24: =E24 -> 0 | G24: =KTVBVPhi20nam!AI21 -> 10469 | H24: =MAX('Tinh phi QL'!$E$12/1000,J24) -> 0 | J24: =IF(VLOOKUP(B24,KTVTD20namcamket!$B$4:$M$243,10,0)<=0,"Mất hiệu lực",VLOOKUP(B24,KTVTD20namcamket!$B$4:$M$243,10,0)) -> Mất hiệu lực | L24: =J24 -> Mất hiệu lực | M24: =L24 -> Mất hiệu lực
B25: 19 | C25: =IF(ROW(A19)>'Tinh phi QL'!$D$12,"",ROW(A19)) | D25: =D24+1 -> 48 | E25: =IF(IFERROR(--TRIM(C25),0)=0,0,'Tinh phi QL'!$H$12/1000) -> 0 | F25: =E25 -> 0 | G25: =KTVBVPhi20nam!AI22 -> 10469 | H25: =MAX('Tinh phi QL'!$E$12/1000,J25) -> 0 | J25: =IF(VLOOKUP(B25,KTVTD20namcamket!$B$4:$M$243,10,0)<=0,"Mất hiệu lực",VLOOKUP(B25,KTVTD20namcamket!$B$4:$M$243,10,0)) -> Mất hiệu lực | L25: =J25 -> Mất hiệu lực | M25: =L25 -> Mất hiệu lực
B26: 20 | C26: =IF(ROW(A20)>'Tinh phi QL'!$D$12,"",ROW(A20)) | D26: =D25+1 -> 49 | E26: =IF(IFERROR(--TRIM(C26),0)=0,0,'Tinh phi QL'!$H$12/1000) -> 0 | F26: =E26 -> 0 | G26: =KTVBVPhi20nam!AI23 -> 10469 | H26: =MAX('Tinh phi QL'!$E$12/1000,J26) -> 0 | I26: =KTVTD20namcamket!I232 -> 0 | J26: =IF(VLOOKUP(B26,KTVTD20namcamket!$B$4:$M$243,10,0)<=0,"Mất hiệu lực",VLOOKUP(B26,KTVTD20namcamket!$B$4:$M$243,10,0)) -> Mất hiệu lực | L26: =J26 -> Mất hiệu lực | M26: =L26 -> Mất hiệu lực

Sheet KTVTDGTTKMH
B2: KHỎE TRỌN VẸN - TOÀN DIỆN | F2: Quyền lợi minh họa tại mức lãi suất minh họa (đang mặc định để ở 4.6%, chỉ cần thay đổi thành 3% hoặc % bất kỳ!) | M2: 0.046
B4: CHÚ Ý KIỂM TRA LẠI PHẦN TÍNH PHÍ XEM ĐÚNG TUỔI, GIỚI TÍNH, QUYỀN LỢI! | M4: Đơn vị: 000 đ
B5: Năm HĐ | C5: Năm đóng phí | D5: Tuổi | E5: Tổng phí bảo hiểm sản phẩm BHNT | F5: Phí sản phẩm BHNT đem đi đầu tư | G5: Phí bảo hiểm sản phẩm BHBK | H5: Quyền lợi tử vong/ TTTBVV
H6: Quyền lợi TTTB&VV (trước 75 tuổi)/ Tử vong | I6: Thưởng duy trì đóng phí | J6: GTTK cơ bản | K6: GTTK đóng thêm | L6: GTTK hợp đồng | M6: Giá trị hoàn lại của hợp đồng
B7: 1 | C7: =IF(ROW(A1)>'Tinh phi QL'!$D$12,"",ROW(A1)) -> 1 | D7: ='Tinh phi QL'!I8 -> 30 | E7: =IF(IFERROR(--TRIM(C7),0)=0,0,'Tinh phi QL'!$H$12/1000) -> 0 | F7: =E7*50% -> 0 | G7: =KTVBVPhi20nam!AI4 -> 6571 | H7: =MAX('Tinh phi QL'!$E$12/1000,J7) -> 0 | J7: =IF(VLOOKUP(B7,KTVTD20namMH!$B$4:$M$243,10,0)<=0,"Mất hiệu lực",VLOOKUP(B7,KTVTD20namMH!$B$4:$M$243,10,0)) -> Mất hiệu lực | L7: =J7 -> Mất hiệu lực | M7: =IF(L7-100%*E7>0,L7-100%*E7,0) -> #VALUE!
B8: 2 | C8: =IF(ROW(A2)>'Tinh phi QL'!$D$12,"",ROW(A2)) -> 2 | D8: =D7+1 -> 31 | E8: =IF(IFERROR(--TRIM(C8),0)=0,0,'Tinh phi QL'!$H$12/1000) -> 0 | F8: =E8*70% -> 0 | G8: =KTVBVPhi20nam!AI5 -> 6571 | H8: =MAX('Tinh phi QL'!$E$12/1000,J8) -> 0 | J8: =IF(VLOOKUP(B8,KTVTD20namMH!$B$4:$M$243,10,0)<=0,"Mất hiệu lực",VLOOKUP(B8,KTVTD20namMH!$B$4:$M$243,10,0)) -> Mất hiệu lực | L8: =J8 -> Mất hiệu lực | M8: =IF(L8-100%*E8>0,L8-100%*E8,0) -> #VALUE!
B9: 3 | C9: =IF(ROW(A3)>'Tinh phi QL'!$D$12,"",ROW(A3)) -> 3 | D9: =D8+1 -> 32 | E9: =IF(IFERROR(--TRIM(C9),0)=0,0,'Tinh phi QL'!$H$12/1000) -> 0 | F9: =E9*80% -> 0 | G9: =KTVBVPhi20nam!AI6 -> 6571 | H9: =MAX('Tinh phi QL'!$E$12/1000,J9) -> 0 | J9: =IF(VLOOKUP(B9,KTVTD20namMH!$B$4:$M$243,10,0)<=0,"Mất hiệu lực",VLOOKUP(B9,KTVTD20namMH!$B$4:$M$243,10,0)) -> Mất hiệu lực | L9: =J9 -> Mất hiệu lực | M9: =L9-45%*E9 -> #VALUE!
B10: 4 | C10: =IF(ROW(A4)>'Tinh phi QL'!$D$12,"",ROW(A4)) -> 4 | D10: =D9+1 -> 33 | E10: =IF(IFERROR(--TRIM(C10),0)=0,0,'Tinh phi QL'!$H$12/1000) -> 0 | F10: =E10*80% -> 0 | G10: =KTVBVPhi20nam!AI7 -> 6571 | H10: =MAX('Tinh phi QL'!$E$12/1000,J10) -> 0 | J10: =IF(VLOOKUP(B10,KTVTD20namMH!$B$4:$M$243,10,0)<=0,"Mất hiệu lực",VLOOKUP(B10,KTVTD20namMH!$B$4:$M$243,10,0)) -> Mất hiệu lực | L10: =J10 -> Mất hiệu lực | M10: =L10-30%*E10 -> #VALUE!
B11: 5 | C11: =IF(ROW(A5)>'Tinh phi QL'!$D$12,"",ROW(A5)) -> 5 | D11: =D10+1 -> 34 | E11: =IF(IFERROR(--TRIM(C11),0)=0,0,'Tinh phi QL'!$H$12/1000) -> 0 | F11: =E11*80% -> 0 | G11: =KTVBVPhi20nam!AI8 -> 6571 | H11: =MAX('Tinh phi QL'!$E$12/1000,J11) -> 0 | J11: =IF(VLOOKUP(B11,KTVTD20namMH!$B$4:$M$243,10,0)<=0,"Mất hiệu lực",VLOOKUP(B11,KTVTD20namMH!$B$4:$M$243,10,0)) -> Mất hiệu lực | L11: =J11 -> Mất hiệu lực | M11: =L11-20%*E11 -> #VALUE!
B12: 6 | C12: =IF(ROW(A6)>'Tinh phi QL'!$D$12,"",ROW(A6)) -> 6 | D12: =D11+1 -> 35 | E12: =IF(IFERROR(--TRIM(C12),0)=0,0,'Tinh phi QL'!$H$12/1000) -> 0 | F12: =E12*98% -> 0 | G12: =KTVBVPhi20nam!AI9 -> 7495 | H12: =MAX('Tinh phi QL'!$E$12/1000,J12) -> 0 | J12: =IF(VLOOKUP(B12,KTVTD20namMH!$B$4:$M$243,10,0)<=0,"Mất hiệu lực",VLOOKUP(B12,KTVTD20namMH!$B$4:$M$243,10,0)) -> Mất hiệu lực | L12: =J12 -> Mất hiệu lực | M12: =L12 -> Mất hiệu lực
B13: 7 | C13: =IF(ROW(A7)>'Tinh phi QL'!$D$12,"",ROW(A7)) -> 7 | D13: =D12+1 -> 36 | E13: =IF(IFERROR(--TRIM(C13),0)=0,0,'Tinh phi QL'!$H$12/1000) -> 0 | F13: =E13*98% -> 0 | G13: =KTVBVPhi20nam!AI10 -> 7495 | H13: =MAX('Tinh phi QL'!$E$12/1000,J13) -> 0 | J13: =IF(VLOOKUP(B13,KTVTD20namMH!$B$4:$M$243,10,0)<=0,"Mất hiệu lực",VLOOKUP(B13,KTVTD20namMH!$B$4:$M$243,10,0)) -> Mất hiệu lực | L13: =J13 -> Mất hiệu lực | M13: =L13 -> Mất hiệu lực
B14: 8 | C14: =IF(ROW(A8)>'Tinh phi QL'!$D$12,"",ROW(A8)) -> 8 | D14: =D13+1 -> 37 | E14: =IF(IFERROR(--TRIM(C14),0)=0,0,'Tinh phi QL'!$H$12/1000) -> 0 | F14: =E14*98% -> 0 | G14: =KTVBVPhi20nam!AI11 -> 7495 | H14: =MAX('Tinh phi QL'!$E$12/1000,J14) -> 0 | J14: =IF(VLOOKUP(B14,KTVTD20namMH!$B$4:$M$243,10,0)<=0,"Mất hiệu lực",VLOOKUP(B14,KTVTD20namMH!$B$4:$M$243,10,0)) -> Mất hiệu lực | L14: =J14 -> Mất hiệu lực | M14: =L14 -> Mất hiệu lực
B15: 9 | C15: =IF(ROW(A9)>'Tinh phi QL'!$D$12,"",ROW(A9)) -> 9 | D15: =D14+1 -> 38 | E15: =IF(IFERROR(--TRIM(C15),0)=0,0,'Tinh phi QL'!$H$12/1000) -> 0 | F15: =E15*98% -> 0 | G15: =KTVBVPhi20nam!AI12 -> 7495 | H15: =MAX('Tinh phi QL'!$E$12/1000,J15) -> 0 | J15: =IF(VLOOKUP(B15,KTVTD20namMH!$B$4:$M$243,10,0)<=0,"Mất hiệu lực",VLOOKUP(B15,KTVTD20namMH!$B$4:$M$243,10,0)) -> Mất hiệu lực | L15: =J15 -> Mất hiệu lực | M15: =L15 -> Mất hiệu lực
B16: 10 | C16: =IF(ROW(A10)>'Tinh phi QL'!$D$12,"",ROW(A10)) -> 10 | D16: =D15+1 -> 39 | E16: =IF(IFERROR(--TRIM(C16),0)=0,0,'Tinh phi QL'!$H$12/1000) -> 0 | F16: =E16*98% -> 0 | G16: =KTVBVPhi20nam!AI13 -> 7495 | H16: =MAX('Tinh phi QL'!$E$12/1000,J16) -> 0 | I16: =IF(AND(E7<>0,E8<>0,E9<>0,E10<>0,E11<>0,E12<>0,E13<>0,E14<>0,E15<>0,E16<>0),KTVTD20namMH!I112,0) -> 0 | J16: =IF(VLOOKUP(B16,KTVTD20namMH!$B$4:$M$243,10,0)<=0,"Mất hiệu lực",VLOOKUP(B16,KTVTD20namMH!$B$4:$M$243,10,0)) -> Mất hiệu lực | L16: =J16 -> Mất hiệu lực | M16: =L16 -> Mất hiệu lực
B17: 11 | C17: =IF(ROW(A11)>'Tinh phi QL'!$D$12,"",ROW(A11)) -> 11 | D17: =D16+1 -> 40 | E17: =IF(IFERROR(--TRIM(C17),0)=0,0,'Tinh phi QL'!$H$12/1000) -> 0 | F17: =E17 -> 0 | G17: =KTVBVPhi20nam!AI14 -> 8533 | H17: =MAX('Tinh phi QL'!$E$12/1000,J17) -> 0 | J17: =IF(VLOOKUP(B17,KTVTD20namMH!$B$4:$M$243,10,0)<=0,"Mất hiệu lực",VLOOKUP(B17,KTVTD20namMH!$B$4:$M$243,10,0)) -> Mất hiệu lực | L17: =J17 -> Mất hiệu lực | M17: =L17 -> Mất hiệu lực
B18: 12 | C18: =IF(ROW(A12)>'Tinh phi QL'!$D$12,"",ROW(A12)) -> 12 | D18: =D17+1 -> 41 | E18: =IF(IFERROR(--TRIM(C18),0)=0,0,'Tinh phi QL'!$H$12/1000) -> 0 | F18: =E18 -> 0 | G18: =KTVBVPhi20nam!AI15 -> 8533 | H18: =MAX('Tinh phi QL'!$E$12/1000,J18) -> 0 | J18: =IF(VLOOKUP(B18,KTVTD20namMH!$B$4:$M$243,10,0)<=0,"Mất hiệu lực",VLOOKUP(B18,KTVTD20namMH!$B$4:$M$243,10,0)) -> Mất hiệu lực | L18: =J18 -> Mất hiệu lực | M18: =L18 -> Mất hiệu lực
B19: 13 | C19: =IF(ROW(A13)>'Tinh phi QL'!$D$12,"",ROW(A13)) -> 13 | D19: =D18+1 -> 42 | E19: =IF(IFERROR(--TRIM(C19),0)=0,0,'Tinh phi QL'!$H$12/1000) -> 0 | F19: =E19 -> 0 | G19: =KTVBVPhi20nam!AI16 -> 8533 | H19: =MAX('Tinh phi QL'!$E$12/1000,J19) -> 0 | J19: =IF(VLOOKUP(B19,KTVTD20namMH!$B$4:$M$243,10,0)<=0,"Mất hiệu lực",VLOOKUP(B19,KTVTD20namMH!$B$4:$M$243,10,0)) -> Mất hiệu lực | L19: =J19 -> Mất hiệu lực | M19: =L19 -> Mất hiệu lực
B20: 14 | C20: =IF(ROW(A14)>'Tinh phi QL'!$D$12,"",ROW(A14)) -> 14 | D20: =D19+1 -> 43 | E20: =IF(IFERROR(--TRIM(C20),0)=0,0,'Tinh phi QL'!$H$12/1000) -> 0 | F20: =E20 -> 0 | G20: =KTVBVPhi20nam!AI17 -> 8533 | H20: =MAX('Tinh phi QL'!$E$12/1000,J20) -> 0 | J20: =IF(VLOOKUP(B20,KTVTD20namMH!$B$4:$M$243,10,0)<=0,"Mất hiệu lực",VLOOKUP(B20,KTVTD20namMH!$B$4:$M$243,10,0)) -> Mất hiệu lực | L20: =J20 -> Mất hiệu lực | M20: =L20 -> Mất hiệu lực
B21: 15 | C21: =IF(ROW(A15)>'Tinh phi QL'!$D$12,"",ROW(A15)) -> 15 | D21: =D20+1 -> 44 | E21: =IF(IFERROR(--TRIM(C21),0)=0,0,'Tinh phi QL'!$H$12/1000) -> 0 | F21: =E21 -> 0 | G21: =KTVBVPhi20nam!AI18 -> 8533 | H21: =MAX('Tinh phi QL'!$E$12/1000,J21) -> 0 | J21: =IF(VLOOKUP(B21,KTVTD20namMH!$B$4:$M$243,10,0)<=0,"Mất hiệu lực",VLOOKUP(B21,KTVTD20namMH!$B$4:$M$243,10,0)) -> Mất hiệu lực | L21: =J21 -> Mất hiệu lực | M21: =L21 -> Mất hiệu lực
B22: 16 | C22: =IF(ROW(A16)>'Tinh phi QL'!$D$12,"",ROW(A16)) | D22: =D21+1 -> 45 | E22: =IF(IFERROR(--TRIM(C22),0)=0,0,'Tinh phi QL'!$H$12/1000) -> 0 | F22: =E22 -> 0 | G22: =KTVBVPhi20nam!AI19 -> 10469 | H22: =MAX('Tinh phi QL'!$E$12/1000,J22) -> 0 | J22: =IF(VLOOKUP(B22,KTVTD20namMH!$B$4:$M$243,10,0)<=0,"Mất hiệu lực",VLOOKUP(B22,KTVTD20namMH!$B$4:$M$243,10,0)) -> Mất hiệu lực | L22: =J22 -> Mất hiệu lực | M22: =L22 -> Mất hiệu lực
B23: 17 | C23: =IF(ROW(A17)>'Tinh phi QL'!$D$12,"",ROW(A17)) | D23: =D22+1 -> 46 | E23: =IF(IFERROR(--TRIM(C23),0)=0,0,'Tinh phi QL'!$H$12/1000) -> 0 | F23: =E23 -> 0 | G23: =KTVBVPhi20nam!AI20 -> 10469 | H23: =MAX('Tinh phi QL'!$E$12/1000,J23) -> 0 | J23: =IF(VLOOKUP(B23,KTVTD20namMH!$B$4:$M$243,10,0)<=0,"Mất hiệu lực",VLOOKUP(B23,KTVTD20namMH!$B$4:$M$243,10,0)) -> Mất hiệu lực | L23: =J23 -> Mất hiệu lực | M23: =L23 -> Mất hiệu lực
B24: 18 | C24: =IF(ROW(A18)>'Tinh phi QL'!$D$12,"",ROW(A18)) | D24: =D23+1 -> 47 | E24: =IF(IFERROR(--TRIM(C24),0)=0,0,'Tinh phi QL'!$H$12/1000) -> 0 | F24: =E24 -> 0 | G24: =KTVBVPhi20nam!AI21 -> 10469 | H24: =MAX('Tinh phi QL'!$E$12/1000,J24) -> 0 | J24: =IF(VLOOKUP(B24,KTVTD20namMH!$B$4:$M$243,10,0)<=0,"Mất hiệu lực",VLOOKUP(B24,KTVTD20namMH!$B$4:$M$243,10,0)) -> Mất hiệu lực | L24: =J24 -> Mất hiệu lực | M24: =L24 -> Mất hiệu lực
B25: 19 | C25: =IF(ROW(A19)>'Tinh phi QL'!$D$12,"",ROW(A19)) | D25: =D24+1 -> 48 | E25: =IF(IFERROR(--TRIM(C25),0)=0,0,'Tinh phi QL'!$H$12/1000) -> 0 | F25: =E25 -> 0 | G25: =KTVBVPhi20nam!AI22 -> 10469 | H25: =MAX('Tinh phi QL'!$E$12/1000,J25) -> 0 | J25: =IF(VLOOKUP(B25,KTVTD20namMH!$B$4:$M$243,10,0)<=0,"Mất hiệu lực",VLOOKUP(B25,KTVTD20namMH!$B$4:$M$243,10,0)) -> Mất hiệu lực | L25: =J25 -> Mất hiệu lực | M25: =L25 -> Mất hiệu lực
B26: 20 | C26: =IF(ROW(A20)>'Tinh phi QL'!$D$12,"",ROW(A20)) | D26: =D25+1 -> 49 | E26: =IF(IFERROR(--TRIM(C26),0)=0,0,'Tinh phi QL'!$H$12/1000) -> 0 | F26: =E26 -> 0 | G26: =KTVBVPhi20nam!AI23 -> 10469 | H26: =MAX('Tinh phi QL'!$E$12/1000,J26) -> 0 | I26: =IF(AND(E17<>0,E18<>0,E19<>0,E20<>0,E21<>0,E22<>0,E23<>0,E24<>0,E25<>0,E26<>0),KTVTD20namMH!I232,0) -> 0 | J26: =IF(VLOOKUP(B26,KTVTD20namMH!$B$4:$M$243,10,0)<=0,"Mất hiệu lực",VLOOKUP(B26,KTVTD20namMH!$B$4:$M$243,10,0)) -> Mất hiệu lực | L26: =J26 -> Mất hiệu lực | M26: =L26 -> Mất hiệu lực

Sheet KTVTUGTTKMH
B2: KHỎE TRỌN VẸN - TỐI ƯU | F2: Quyền lợi minh họa tại mức lãi suất minh họa (đang mặc định để ở 4.6%, chỉ cần thay đổi thành 3% hoặc % bất kỳ!) | M2: 0.046
B4: CHÚ Ý KIỂM TRA LẠI PHẦN TÍNH PHÍ XEM ĐÚNG TUỔI, GIỚI TÍNH, QUYỀN LỢI! | M4: Đơn vị: 000 đ
B5: Năm HĐ | C5: Năm đóng phí | D5: Tuổi | E5: Tổng phí bảo hiểm sản phẩm BHNT | F5: Phí sản phẩm BHNT đem đi đầu tư | G5: Phí bảo hiểm sản phẩm BHBK | H5: Quyền lợi tử vong/ TTTBVV
H6: Quyền lợi TTTB&VV (trước 75 tuổi)/ Tử vong | I6: Thưởng duy trì đóng phí | J6: GTTK cơ bản | K6: GTTK đóng thêm | L6: GTTK hợp đồng | M6: Giá trị hoàn lại của hợp đồng
B7: 1 | C7: =IF(ROW(A1)>'Tinh phi QL'!$D$12,"",ROW(A1)) -> 1 | D7: ='Tinh phi QL'!I8 -> 30 | E7: =IF(IFERROR(--TRIM(C7),0)=0,0,'Tinh phi QL'!$H$12/1000) -> 0 | F7: =E7*90% -> 0 | G7: =KTVBVPhi20nam!AI4 -> 6571 | H7: =MAX('Tinh phi QL'!$E$12/1000,J7) -> 0 | J7: =IF(VLOOKUP(B7,KTVTU20namMH!$B$4:$M$243,10,0)<=0,"Mất hiệu lực",VLOOKUP(B7,KTVTU20namMH!$B$4:$M$243,10,0)) -> Mất hiệu lực | L7: =J7 -> Mất hiệu lực | M7: =IF(L7-100%*E7>0,L7-100%*E7,0) -> #VALUE!
B8: 2 | C8: =IF(ROW(A2)>'Tinh phi QL'!$D$12,"",ROW(A2)) -> 2 | D8: =D7+1 -> 31 | E8: =IF(IFERROR(--TRIM(C8),0)=0,0,'Tinh phi QL'!$H$12/1000) -> 0 | F8: =E8*100% -> 0 | G8: =KTVBVPhi20nam!AI5 -> 6571 | H8: =MAX('Tinh phi QL'!$E$12/1000,J8) -> 0 | J8: =IF(VLOOKUP(B8,KTVTU20namMH!$B$4:$M$243,10,0)<=0,"Mất hiệu lực",VLOOKUP(B8,KTVTU20namMH!$B$4:$M$243,10,0)) -> Mất hiệu lực | L8: =J8 -> Mất hiệu lực | M8: =IF(L8-100%*E8>0,L8-100%*E8,0) -> #VALUE!
B9: 3 | C9: =IF(ROW(A3)>'Tinh phi QL'!$D$12,"",ROW(A3)) -> 3 | D9: =D8+1 -> 32 | E9: =IF(IFERROR(--TRIM(C9),0)=0,0,'Tinh phi QL'!$H$12/1000) -> 0 | F9: =E9*100% -> 0 | G9: =KTVBVPhi20nam!AI6 -> 6571 | H9: =MAX('Tinh phi QL'!$E$12/1000,J9) -> 0 | J9: =IF(VLOOKUP(B9,KTVTU20namMH!$B$4:$M$243,10,0)<=0,"Mất hiệu lực",VLOOKUP(B9,KTVTU20namMH!$B$4:$M$243,10,0)) -> Mất hiệu lực | L9: =J9 -> Mất hiệu lực | M9: =L9-40%*E9 -> #VALUE!
B10: 4 | C10: =IF(ROW(A4)>'Tinh phi QL'!$D$12,"",ROW(A4)) -> 4 | D10: =D9+1 -> 33 | E10: =IF(IFERROR(--TRIM(C10),0)=0,0,'Tinh phi QL'!$H$12/1000) -> 0 | F10: =E10*100% -> 0 | G10: =KTVBVPhi20nam!AI7 -> 6571 | H10: =MAX('Tinh phi QL'!$E$12/1000,J10) -> 0 | J10: =IF(VLOOKUP(B10,KTVTU20namMH!$B$4:$M$243,10,0)<=0,"Mất hiệu lực",VLOOKUP(B10,KTVTU20namMH!$B$4:$M$243,10,0)) -> Mất hiệu lực | L10: =J10 -> Mất hiệu lực | M10: =L10-25%*E10 -> #VALUE!
B11: 5 | C11: =IF(ROW(A5)>'Tinh phi QL'!$D$12,"",ROW(A5)) -> 5 | D11: =D10+1 -> 34 | E11: =IF(IFERROR(--TRIM(C11),0)=0,0,'Tinh phi QL'!$H$12/1000) -> 0 | F11: =E11*100% -> 0 | G11: =KTVBVPhi20nam!AI8 -> 6571 | H11: =MAX('Tinh phi QL'!$E$12/1000,J11) -> 0 | J11: =IF(VLOOKUP(B11,KTVTU20namMH!$B$4:$M$243,10,0)<=0,"Mất hiệu lực",VLOOKUP(B11,KTVTU20namMH!$B$4:$M$243,10,0)) -> Mất hiệu lực | L11: =J11 -> Mất hiệu lực | M11: =L11-10%*E11 -> #VALUE!
B12: 6 | C12: =IF(ROW(A6)>'Tinh phi QL'!$D$12,"",ROW(A6)) -> 6 | D12: =D11+1 -> 35 | E12: =IF(IFERROR(--TRIM(C12),0)=0,0,'Tinh phi QL'!$H$12/1000) -> 0 | F12: =E12*100% -> 0 | G12: =KTVBVPhi20nam!AI9 -> 7495 | H12: =MAX('Tinh phi QL'!$E$12/1000,J12) -> 0 | J12: =IF(VLOOKUP(B12,KTVTU20namMH!$B$4:$M$243,10,0)<=0,"Mất hiệu lực",VLOOKUP(B12,KTVTU20namMH!$B$4:$M$243,10,0)) -> Mất hiệu lực | L12: =J12 -> Mất hiệu lực | M12: =L12 -> Mất hiệu lực
B13: 7 | C13: =IF(ROW(A7)>'Tinh phi QL'!$D$12,"",ROW(A7)) -> 7 | D13: =D12+1 -> 36 | E13: =IF(IFERROR(--TRIM(C13),0)=0,0,'Tinh phi QL'!$H$12/1000) -> 0 | F13: =E13*100% -> 0 | G13: =KTVBVPhi20nam!AI10 -> 7495 | H13: =MAX('Tinh phi QL'!$E$12/1000,J13) -> 0 | J13: =IF(VLOOKUP(B13,KTVTU20namMH!$B$4:$M$243,10,0)<=0,"Mất hiệu lực",VLOOKUP(B13,KTVTU20namMH!$B$4:$M$243,10,0)) -> Mất hiệu lực | L13: =J13 -> Mất hiệu lực | M13: =L13 -> Mất hiệu lực
B14: 8 | C14: =IF(ROW(A8)>'Tinh phi QL'!$D$12,"",ROW(A8)) -> 8 | D14: =D13+1 -> 37 | E14: =IF(IFERROR(--TRIM(C14),0)=0,0,'Tinh phi QL'!$H$12/1000) -> 0 | F14: =E14*100% -> 0 | G14: =KTVBVPhi20nam!AI11 -> 7495 | H14: =MAX('Tinh phi QL'!$E$12/1000,J14) -> 0 | J14: =IF(VLOOKUP(B14,KTVTU20namMH!$B$4:$M$243,10,0)<=0,"Mất hiệu lực",VLOOKUP(B14,KTVTU20namMH!$B$4:$M$243,10,0)) -> Mất hiệu lực | L14: =J14 -> Mất hiệu lực | M14: =L14 -> Mất hiệu lực
B15: 9 | C15: =IF(ROW(A9)>'Tinh phi QL'!$D$12,"",ROW(A9)) -> 9 | D15: =D14+1 -> 38 | E15: =IF(IFERROR(--TRIM(C15),0)=0,0,'Tinh phi QL'!$H$12/1000) -> 0 | F15: =E15*100% -> 0 | G15: =KTVBVPhi20nam!AI12 -> 7495 | H15: =MAX('Tinh phi QL'!$E$12/1000,J15) -> 0 | J15: =IF(VLOOKUP(B15,KTVTU20namMH!$B$4:$M$243,10,0)<=0,"Mất hiệu lực",VLOOKUP(B15,KTVTU20namMH!$B$4:$M$243,10,0)) -> Mất hiệu lực | L15: =J15 -> Mất hiệu lực | M15: =L15 -> Mất hiệu lực
B16: 10 | C16: =IF(ROW(A10)>'Tinh phi QL'!$D$12,"",ROW(A10)) -> 10 | D16: =D15+1 -> 39 | E16: =IF(IFERROR(--TRIM(C16),0)=0,0,'Tinh phi QL'!$H$12/1000) -> 0 | F16: =E16*100% -> 0 | G16: =KTVBVPhi20nam!AI13 -> 7495 | H16: =MAX('Tinh phi QL'!$E$12/1000,J16) -> 0 | I16: =KTVTU20namMH!I112 -> 0 | J16: =IF(VLOOKUP(B16,KTVTU20namMH!$B$4:$M$243,10,0)<=0,"Mất hiệu lực",VLOOKUP(B16,KTVTU20namMH!$B$4:$M$243,10,0)) -> Mất hiệu lực | L16: =J16 -> Mất hiệu lực | M16: =L16 -> Mất hiệu lực
B17: 11 | C17: =IF(ROW(A11)>'Tinh phi QL'!$D$12,"",ROW(A11)) -> 11 | D17: =D16+1 -> 40 | E17: =IF(IFERROR(--TRIM(C17),0)=0,0,'Tinh phi QL'!$H$12/1000) -> 0 | F17: =E17*100% -> 0 | G17: =KTVBVPhi20nam!AI14 -> 8533 | H17: =MAX('Tinh phi QL'!$E$12/1000,J17) -> 0 | J17: =IF(VLOOKUP(B17,KTVTU20namMH!$B$4:$M$243,10,0)<=0,"Mất hiệu lực",VLOOKUP(B17,KTVTU20namMH!$B$4:$M$243,10,0)) -> Mất hiệu lực | L17: =J17 -> Mất hiệu lực | M17: =L17 -> Mất hiệu lực
B18: 12 | C18: =IF(ROW(A12)>'Tinh phi QL'!$D$12,"",ROW(A12)) -> 12 | D18: =D17+1 -> 41 | E18: =IF(IFERROR(--TRIM(C18),0)=0,0,'Tinh phi QL'!$H$12/1000) -> 0 | F18: =E18*100% -> 0 | G18: =KTVBVPhi20nam!AI15 -> 8533 | H18: =MAX('Tinh phi QL'!$E$12/1000,J18) -> 0 | J18: =IF(VLOOKUP(B18,KTVTU20namMH!$B$4:$M$243,10,0)<=0,"Mất hiệu lực",VLOOKUP(B18,KTVTU20namMH!$B$4:$M$243,10,0)) -> Mất hiệu lực | L18: =J18 -> Mất hiệu lực | M18: =L18 -> Mất hiệu lực
B19: 13 | C19: =IF(ROW(A13)>'Tinh phi QL'!$D$12,"",ROW(A13)) -> 13 | D19: =D18+1 -> 42 | E19: =IF(IFERROR(--TRIM(C19),0)=0,0,'Tinh phi QL'!$H$12/1000) -> 0 | F19: =E19*100% -> 0 | G19: =KTVBVPhi20nam!AI16 -> 8533 | H19: =MAX('Tinh phi QL'!$E$12/1000,J19) -> 0 | J19: =IF(VLOOKUP(B19,KTVTU20namMH!$B$4:$M$243,10,0)<=0,"Mất hiệu lực",VLOOKUP(B19,KTVTU20namMH!$B$4:$M$243,10,0)) -> Mất hiệu lực | L19: =J19 -> Mất hiệu lực | M19: =L19 -> Mất hiệu lực
B20: 14 | C20: =IF(ROW(A14)>'Tinh phi QL'!$D$12,"",ROW(A14)) -> 14 | D20: =D19+1 -> 43 | E20: =IF(IFERROR(--TRIM(C20),0)=0,0,'Tinh phi QL'!$H$12/1000) -> 0 | F20: =E20*100% -> 0 | G20: =KTVBVPhi20nam!AI17 -> 8533 | H20: =MAX('Tinh phi QL'!$E$12/1000,J20) -> 0 | J20: =IF(VLOOKUP(B20,KTVTU20namMH!$B$4:$M$243,10,0)<=0,"Mất hiệu lực",VLOOKUP(B20,KTVTU20namMH!$B$4:$M$243,10,0)) -> Mất hiệu lực | L20: =J20 -> Mất hiệu lực | M20: =L20 -> Mất hiệu lực
B21: 15 | C21: =IF(ROW(A15)>'Tinh phi QL'!$D$12,"",ROW(A15)) -> 15 | D21: =D20+1 -> 44 | E21: =IF(IFERROR(--TRIM(C21),0)=0,0,'Tinh phi QL'!$H$12/1000) -> 0 | F21: =E21*100% -> 0 | G21: =KTVBVPhi20nam!AI18 -> 8533 | H21: =MAX('Tinh phi QL'!$E$12/1000,J21) -> 0 | J21: =IF(VLOOKUP(B21,KTVTU20namMH!$B$4:$M$243,10,0)<=0,"Mất hiệu lực",VLOOKUP(B21,KTVTU20namMH!$B$4:$M$243,10,0)) -> Mất hiệu lực | L21: =J21 -> Mất hiệu lực | M21: =L21 -> Mất hiệu lực
B22: 16 | C22: =IF(ROW(A16)>'Tinh phi QL'!$D$12,"",ROW(A16)) | D22: =D21+1 -> 45 | E22: =IF(IFERROR(--TRIM(C22),0)=0,0,'Tinh phi QL'!$H$12/1000) -> 0 | F22: =E22*100% -> 0 | G22: =KTVBVPhi20nam!AI19 -> 10469 | H22: =MAX('Tinh phi QL'!$E$12/1000,J22) -> 0 | J22: =IF(VLOOKUP(B22,KTVTU20namMH!$B$4:$M$243,10,0)<=0,"Mất hiệu lực",VLOOKUP(B22,KTVTU20namMH!$B$4:$M$243,10,0)) -> Mất hiệu lực | L22: =J22 -> Mất hiệu lực | M22: =L22 -> Mất hiệu lực
B23: 17 | C23: =IF(ROW(A17)>'Tinh phi QL'!$D$12,"",ROW(A17)) | D23: =D22+1 -> 46 | E23: =IF(IFERROR(--TRIM(C23),0)=0,0,'Tinh phi QL'!$H$12/1000) -> 0 | F23: =E23*100% -> 0 | G23: =KTVBVPhi20nam!AI20 -> 10469 | H23: =MAX('Tinh phi QL'!$E$12/1000,J23) -> 0 | J23: =IF(VLOOKUP(B23,KTVTU20namMH!$B$4:$M$243,10,0)<=0,"Mất hiệu lực",VLOOKUP(B23,KTVTU20namMH!$B$4:$M$243,10,0)) -> Mất hiệu lực | L23: =J23 -> Mất hiệu lực | M23: =L23 -> Mất hiệu lực
B24: 18 | C24: =IF(ROW(A18)>'Tinh phi QL'!$D$12,"",ROW(A18)) | D24: =D23+1 -> 47 | E24: =IF(IFERROR(--TRIM(C24),0)=0,0,'Tinh phi QL'!$H$12/1000) -> 0 | F24: =E24*100% -> 0 | G24: =KTVBVPhi20nam!AI21 -> 10469 | H24: =MAX('Tinh phi QL'!$E$12/1000,J24) -> 0 | J24: =IF(VLOOKUP(B24,KTVTU20namMH!$B$4:$M$243,10,0)<=0,"Mất hiệu lực",VLOOKUP(B24,KTVTU20namMH!$B$4:$M$243,10,0)) -> Mất hiệu lực | L24: =J24 -> Mất hiệu lực | M24: =L24 -> Mất hiệu lực
B25: 19 | C25: =IF(ROW(A19)>'Tinh phi QL'!$D$12,"",ROW(A19)) | D25: =D24+1 -> 48 | E25: =IF(IFERROR(--TRIM(C25),0)=0,0,'Tinh phi QL'!$H$12/1000) -> 0 | F25: =E25*100% -> 0 | G25: =KTVBVPhi20nam!AI22 -> 10469 | H25: =MAX('Tinh phi QL'!$E$12/1000,J25) -> 0 | J25: =IF(VLOOKUP(B25,KTVTU20namMH!$B$4:$M$243,10,0)<=0,"Mất hiệu lực",VLOOKUP(B25,KTVTU20namMH!$B$4:$M$243,10,0)) -> Mất hiệu lực | L25: =J25 -> Mất hiệu lực | M25: =L25 -> Mất hiệu lực
B26: 20 | C26: =IF(ROW(A20)>'Tinh phi QL'!$D$12,"",ROW(A20)) | D26: =D25+1 -> 49 | E26: =IF(IFERROR(--TRIM(C26),0)=0,0,'Tinh phi QL'!$H$12/1000) -> 0 | F26: =E26*100% -> 0 | G26: =KTVBVPhi20nam!AI23 -> 10469 | H26: =MAX('Tinh phi QL'!$E$12/1000,J26) -> 0 | I26: =KTVTU20namMH!I232 -> 0 | J26: =IF(VLOOKUP(B26,KTVTU20namMH!$B$4:$M$243,10,0)<=0,"Mất hiệu lực",VLOOKUP(B26,KTVTU20namMH!$B$4:$M$243,10,0)) -> Mất hiệu lực | L26: =J26 -> Mất hiệu lực | M26: =L26 -> Mất hiệu lực

Sheet KTVTU20namcamket
J1: Đơn vị: 000đ | N1: 6-10 | O1: 11+ | P1: 1 | Q1: 2 | R1: 3 | S1: 4 | T1: 5 | U1: 6-10 | V1: 11-15 | W1: 16+
B2: BẢNG CHI TIẾT THEO THÁNG SẢN PHẨM KHỎE TRỌN VẸN BỀN VỮNG Ở LÃI SUẤT CAM KẾT | N2: 0.02 | O2: 0.01 | P2: 0.035 | Q2: 0.03 | R2: 0.03 | S2: 0.02 | T2: 0.02 | U2: 0.015 | V2: 0.01 | W2: 0.005
B3: Năm HĐ | C3: Tuổi | D3: Tháng | E3: STBH | F3: Phí QL HĐ | G3: Phí rủi ro hàng tháng | H3: GTTK cơ bản cuối tháng | I3: Quyền lợi thưởng duy trì hợp đồng | J3: Tổng GTTK cuối tháng | M3: GTTK cuối năm | N3: =(1+N2)^(1/12)-1 -> 0.0016515813 | O3: =(1+O2)^(1/12)-1 -> 0.00082953811 | P3: =(1+P2)^(1/12)-1 -> 0.0028708987 | Q3: =(1+Q2)^(1/12)-1 -> 0.0024662698 | R3: =(1+R2)^(1/12)-1 -> 0.0024662698 | S3: =(1+S2)^(1/12)-1 -> 0.0016515813 | T3: =(1+T2)^(1/12)-1 -> 0.0016515813 | U3: =(1+U2)^(1/12)-1 -> 0.0012414877 | ... W3: =(1+W2)^(1/12)-1 -> 0.00041571484 | X3: Phí QLHĐ | Y3: Phí BHRR
B4: 1 | C4: ='Tinh phi QL'!I8 -> 30 | D4: ='Hoach dinh tai chinh'!J3 -> 46229 | E4: ='Tinh phi QL'!E12/1000 -> 0 | F4: =IF(YEAR(D4)=2025,40000,IF(YEAR(D4)=2026,40000,IF(YEAR(D4)=2027,40000,IF(YEAR(D4)=2028,40000,IF(YEAR(D4)=2029,40000,IF(YEAR(D4)=2030,50000,IF(YEAR(D4)=2031,50000,IF(YEAR(D4)=2032,50000,IF(YEAR(D4)=2033,50000,IF(YEAR(D4)=2034,50000,IF(YEAR(D4)>=2035,60000,0)))))))))))/1000 -> 40 | G4: =KTVTUCOI!P3 -> 0 | H4: =(KTVTUGTTKcamket!F7-KTVTU20namcamket!F4-G4)*(1+KTVTU20namcamket!P3) -> -40.114836 | J4: =H4 -> -40.114836 | K4: =J15 -> -489.32968 | N4: =SUM(G4:G15) -> 0.27408492 | X4: =SUM(F4:F15) -> 480 | Y4: =SUM(G4:G15) -> 0.27408492
D5: =EDATE(D4,1) -> 46260 | E5: =E4 -> 0 | F5: =IF(YEAR(D5)=2025,40000,IF(YEAR(D5)=2026,40000,IF(YEAR(D5)=2027,40000,IF(YEAR(D5)=2028,40000,IF(YEAR(D5)=2029,40000,IF(YEAR(D5)=2030,50000,IF(YEAR(D5)=2031,50000,IF(YEAR(D5)=2032,50000,IF(YEAR(D5)=2033,50000,IF(YEAR(D5)=2034,50000,IF(YEAR(D5)>=2035,60000,0)))))))))))/1000 -> 40 | G5: =KTVTUCOI!P4 -> 0.0041117707 | H5: =(H4-F5-G5)*(1+$P$3) -> -80.348961 | J5: =H5 -> -80.348961
D6: =EDATE(D5,1) -> 46291 | E6: =E5 -> 0 | F6: =IF(YEAR(D6)=2025,40000,IF(YEAR(D6)=2026,40000,IF(YEAR(D6)=2027,40000,IF(YEAR(D6)=2028,40000,IF(YEAR(D6)=2029,40000,IF(YEAR(D6)=2030,50000,IF(YEAR(D6)=2031,50000,IF(YEAR(D6)=2032,50000,IF(YEAR(D6)=2033,50000,IF(YEAR(D6)=2034,50000,IF(YEAR(D6)>=2035,60000,0)))))))))))/1000 -> 40 | G6: =KTVTUCOI!P5 -> 0.0082357685 | H6: =(H5-F6-G6)*(1+$P$3) -> -120.70273 | J6: =H6 -> -120.70273
D7: =EDATE(D6,1) -> 46321 | E7: =E6 -> 0 | F7: =IF(YEAR(D7)=2025,40000,IF(YEAR(D7)=2026,40000,IF(YEAR(D7)=2027,40000,IF(YEAR(D7)=2028,40000,IF(YEAR(D7)=2029,40000,IF(YEAR(D7)=2030,50000,IF(YEAR(D7)=2031,50000,IF(YEAR(D7)=2032,50000,IF(YEAR(D7)=2033,50000,IF(YEAR(D7)=2034,50000,IF(YEAR(D7)>=2035,60000,0)))))))))))/1000 -> 40 | G7: =KTVTUCOI!P6 -> 0.01237203 | H7: =(H6-F7-G7)*(1+$P$3) -> -161.1765 | J7: =H7 -> -161.1765
D8: =EDATE(D7,1) -> 46352 | E8: =E7 -> 0 | F8: =IF(YEAR(D8)=2025,40000,IF(YEAR(D8)=2026,40000,IF(YEAR(D8)=2027,40000,IF(YEAR(D8)=2028,40000,IF(YEAR(D8)=2029,40000,IF(YEAR(D8)=2030,50000,IF(YEAR(D8)=2031,50000,IF(YEAR(D8)=2032,50000,IF(YEAR(D8)=2033,50000,IF(YEAR(D8)=2034,50000,IF(YEAR(D8)>=2035,60000,0)))))))))))/1000 -> 40 | G8: =KTVTUCOI!P7 -> 0.016520591 | H8: =(H7-F8-G8)*(1+$P$3) -> -201.77062 | J8: =H8 -> -201.77062
D9: =EDATE(D8,1) -> 46382 | E9: =E8 -> 0 | F9: =IF(YEAR(D9)=2025,40000,IF(YEAR(D9)=2026,40000,IF(YEAR(D9)=2027,40000,IF(YEAR(D9)=2028,40000,IF(YEAR(D9)=2029,40000,IF(YEAR(D9)=2030,50000,IF(YEAR(D9)=2031,50000,IF(YEAR(D9)=2032,50000,IF(YEAR(D9)=2033,50000,IF(YEAR(D9)=2034,50000,IF(YEAR(D9)>=2035,60000,0)))))))))))/1000 -> 40 | G9: =KTVTUCOI!P8 -> 0.020681489 | H9: =(H8-F9-G9)*(1+$P$3) -> -242.48546 | J9: =H9 -> -242.48546
D10: =EDATE(D9,1) -> 46413 | E10: =E9 -> 0 | F10: =IF(YEAR(D10)=2025,40000,IF(YEAR(D10)=2026,40000,IF(YEAR(D10)=2027,40000,IF(YEAR(D10)=2028,40000,IF(YEAR(D10)=2029,40000,IF(YEAR(D10)=2030,50000,IF(YEAR(D10)=2031,50000,IF(YEAR(D10)=2032,50000,IF(YEAR(D10)=2033,50000,IF(YEAR(D10)=2034,50000,IF(YEAR(D10)>=2035,60000,0)))))))))))/1000 -> 40 | G10: =KTVTUCOI!P9 -> 0.02485476 | H10: =(H9-F10-G10)*(1+$P$3) -> -283.32138 | J10: =H10 -> -283.32138
D11: =EDATE(D10,1) -> 46444 | E11: =E10 -> 0 | F11: =IF(YEAR(D11)=2025,40000,IF(YEAR(D11)=2026,40000,IF(YEAR(D11)=2027,40000,IF(YEAR(D11)=2028,40000,IF(YEAR(D11)=2029,40000,IF(YEAR(D11)=2030,50000,IF(YEAR(D11)=2031,50000,IF(YEAR(D11)=2032,50000,IF(YEAR(D11)=2033,50000,IF(YEAR(D11)=2034,50000,IF(YEAR(D11)>=2035,60000,0)))))))))))/1000 -> 40 | G11: =KTVTUCOI!P10 -> 0.029040441 | H11: =(H10-F11-G11)*(1+$P$3) -> -324.27872 | J11: =H11 -> -324.27872
D12: =EDATE(D11,1) -> 46472 | E12: =E11 -> 0 | F12: =IF(YEAR(D12)=2025,40000,IF(YEAR(D12)=2026,40000,IF(YEAR(D12)=2027,40000,IF(YEAR(D12)=2028,40000,IF(YEAR(D12)=2029,40000,IF(YEAR(D12)=2030,50000,IF(YEAR(D12)=2031,50000,IF(YEAR(D12)=2032,50000,IF(YEAR(D12)=2033,50000,IF(YEAR(D12)=2034,50000,IF(YEAR(D12)>=2035,60000,0)))))))))))/1000 -> 40 | G12: =KTVTUCOI!P11 -> 0.033238569 | H12: =(H11-F12-G12)*(1+$P$3) -> -365.35787 | J12: =H12 -> -365.35787
D13: =EDATE(D12,1) -> 46503 | E13: =E12 -> 0 | F13: =IF(YEAR(D13)=2025,40000,IF(YEAR(D13)=2026,40000,IF(YEAR(D13)=2027,40000,IF(YEAR(D13)=2028,40000,IF(YEAR(D13)=2029,40000,IF(YEAR(D13)=2030,50000,IF(YEAR(D13)=2031,50000,IF(YEAR(D13)=2032,50000,IF(YEAR(D13)=2033,50000,IF(YEAR(D13)=2034,50000,IF(YEAR(D13)>=2035,60000,0)))))))))))/1000 -> 40 | G13: =KTVTUCOI!P12 -> 0.037449181 | H13: =(H12-F13-G13)*(1+$P$3) -> -406.55916 | J13: =H13 -> -406.55916
D14: =EDATE(D13,1) -> 46533 | E14: =E13 -> 0 | F14: =IF(YEAR(D14)=2025,40000,IF(YEAR(D14)=2026,40000,IF(YEAR(D14)=2027,40000,IF(YEAR(D14)=2028,40000,IF(YEAR(D14)=2029,40000,IF(YEAR(D14)=2030,50000,IF(YEAR(D14)=2031,50000,IF(YEAR(D14)=2032,50000,IF(YEAR(D14)=2033,50000,IF(YEAR(D14)=2034,50000,IF(YEAR(D14)>=2035,60000,0)))))))))))/1000 -> 40 | G14: =KTVTUCOI!P13 -> 0.041672314 | H14: =(H13-F14-G14)*(1+$P$3) -> -447.88298 | J14: =H14 -> -447.88298
D15: =EDATE(D14,1) -> 46564 | E15: =E14 -> 0 | F15: =IF(YEAR(D15)=2025,40000,IF(YEAR(D15)=2026,40000,IF(YEAR(D15)=2027,40000,IF(YEAR(D15)=2028,40000,IF(YEAR(D15)=2029,40000,IF(YEAR(D15)=2030,50000,IF(YEAR(D15)=2031,50000,IF(YEAR(D15)=2032,50000,IF(YEAR(D15)=2033,50000,IF(YEAR(D15)=2034,50000,IF(YEAR(D15)>=2035,60000,0)))))))))))/1000 -> 40 | G15: =KTVTUCOI!P14 -> 0.045908006 | H15: =(H14-F15-G15)*(1+$P$3) -> -489.32968 | J15: =H15 -> -489.32968
B16: 2 | C16: =C4+1 -> 31 | D16: =EDATE(D15,1) -> 46594 | E16: =E15 -> 0 | F16: =IF(YEAR(D16)=2025,40000,IF(YEAR(D16)=2026,40000,IF(YEAR(D16)=2027,40000,IF(YEAR(D16)=2028,40000,IF(YEAR(D16)=2029,40000,IF(YEAR(D16)=2030,50000,IF(YEAR(D16)=2031,50000,IF(YEAR(D16)=2032,50000,IF(YEAR(D16)=2033,50000,IF(YEAR(D16)=2034,50000,IF(YEAR(D16)>=2035,60000,0)))))))))))/1000 -> 40 | G16: =KTVTUCOI!P15 -> 0.051379617 | H16: =(H15+KTVBVGTTKcamket!F8-F16-G16)*(1+Q3) -> -530.68666 | J16: =H16 -> -530.68666 | K16: =J27 -> -992.69306 | N16: =SUM(G16:G27) -> 0.90563022 | X16: =SUM(F16:F27) -> 480 | Y16: =SUM(G16:G27) -> 0.90563022
D17: =EDATE(D16,1) -> 46625 | E17: =E16 -> 0 | F17: =IF(YEAR(D17)=2025,40000,IF(YEAR(D17)=2026,40000,IF(YEAR(D17)=2027,40000,IF(YEAR(D17)=2028,40000,IF(YEAR(D17)=2029,40000,IF(YEAR(D17)=2030,50000,IF(YEAR(D17)=2031,50000,IF(YEAR(D17)=2032,50000,IF(YEAR(D17)=2033,50000,IF(YEAR(D17)=2034,50000,IF(YEAR(D17)>=2035,60000,0)))))))))))/1000 -> 40 | G17: =KTVTUCOI!P16 -> 0.055722099 | H17: =(H16-F17-G17)*(1+$Q$3) -> -572.14999 | J17: =H17 -> -572.14999
D18: =EDATE(D17,1) -> 46656 | E18: =E17 -> 0 | F18: =IF(YEAR(D18)=2025,40000,IF(YEAR(D18)=2026,40000,IF(YEAR(D18)=2027,40000,IF(YEAR(D18)=2028,40000,IF(YEAR(D18)=2029,40000,IF(YEAR(D18)=2030,50000,IF(YEAR(D18)=2031,50000,IF(YEAR(D18)=2032,50000,IF(YEAR(D18)=2033,50000,IF(YEAR(D18)=2034,50000,IF(YEAR(D18)>=2035,60000,0)))))))))))/1000 -> 40 | G18: =KTVTUCOI!P17 -> 0.060075749 | H18: =(H17-F18-G18)*(1+$Q$3) -> -613.71994 | J18: =H18 -> -613.71994
D19: =EDATE(D18,1) -> 46686 | E19: =E18 -> 0 | F19: =IF(YEAR(D19)=2025,40000,IF(YEAR(D19)=2026,40000,IF(YEAR(D19)=2027,40000,IF(YEAR(D19)=2028,40000,IF(YEAR(D19)=2029,40000,IF(YEAR(D19)=2030,50000,IF(YEAR(D19)=2031,50000,IF(YEAR(D19)=2032,50000,IF(YEAR(D19)=2033,50000,IF(YEAR(D19)=2034,50000,IF(YEAR(D19)>=2035,60000,0)))))))))))/1000 -> 40 | G19: =KTVTUCOI!P18 -> 0.064440593 | H19: =(H18-F19-G19)*(1+$Q$3) -> -655.39679 | J19: =H19 -> -655.39679
D20: =EDATE(D19,1) -> 46717 | E20: =E19 -> 0 | F20: =IF(YEAR(D20)=2025,40000,IF(YEAR(D20)=2026,40000,IF(YEAR(D20)=2027,40000,IF(YEAR(D20)=2028,40000,IF(YEAR(D20)=2029,40000,IF(YEAR(D20)=2030,50000,IF(YEAR(D20)=2031,50000,IF(YEAR(D20)=2032,50000,IF(YEAR(D20)=2033,50000,IF(YEAR(D20)=2034,50000,IF(YEAR(D20)>=2035,60000,0)))))))))))/1000 -> 40 | G20: =KTVTUCOI!P19 -> 0.068816663 | H20: =(H19-F20-G20)*(1+$Q$3) -> -697.18081 | J20: =H20 -> -697.18081
D21: =EDATE(D20,1) -> 46747 | E21: =E20 -> 0 | F21: =IF(YEAR(D21)=2025,40000,IF(YEAR(D21)=2026,40000,IF(YEAR(D21)=2027,40000,IF(YEAR(D21)=2028,40000,IF(YEAR(D21)=2029,40000,IF(YEAR(D21)=2030,50000,IF(YEAR(D21)=2031,50000,IF(YEAR(D21)=2032,50000,IF(YEAR(D21)=2033,50000,IF(YEAR(D21)=2034,50000,IF(YEAR(D21)>=2035,60000,0)))))))))))/1000 -> 40 | G21: =KTVTUCOI!P20 -> 0.073203985 | H21: =(H20-F21-G21)*(1+$Q$3) -> -739.07228 | J21: =H21 -> -739.07228
D22: =EDATE(D21,1) -> 46778 | E22: =E21 -> 0 | F22: =IF(YEAR(D22)=2025,40000,IF(YEAR(D22)=2026,40000,IF(YEAR(D22)=2027,40000,IF(YEAR(D22)=2028,40000,IF(YEAR(D22)=2029,40000,IF(YEAR(D22)=2030,50000,IF(YEAR(D22)=2031,50000,IF(YEAR(D22)=2032,50000,IF(YEAR(D22)=2033,50000,IF(YEAR(D22)=2034,50000,IF(YEAR(D22)>=2035,60000,0)))))))))))/1000 -> 40 | G22: =KTVTUCOI!P21 -> 0.077602589 | H22: =(H21-F22-G22)*(1+$Q$3) -> -781.07148 | J22: =H22 -> -781.07148
D23: =EDATE(D22,1) -> 46809 | E23: =E22 -> 0 | F23: =IF(YEAR(D23)=2025,40000,IF(YEAR(D23)=2026,40000,IF(YEAR(D23)=2027,40000,IF(YEAR(D23)=2028,40000,IF(YEAR(D23)=2029,40000,IF(YEAR(D23)=2030,50000,IF(YEAR(D23)=2031,50000,IF(YEAR(D23)=2032,50000,IF(YEAR(D23)=2033,50000,IF(YEAR(D23)=2034,50000,IF(YEAR(D23)>=2035,60000,0)))))))))))/1000 -> 40 | G23: =KTVTUCOI!P22 -> 0.082012505 | H23: =(H22-F23-G23)*(1+$Q$3) -> -823.17868 | J23: =H23 -> -823.17868
D24: =EDATE(D23,1) -> 46838 | E24: =E23 -> 0 | F24: =IF(YEAR(D24)=2025,40000,IF(YEAR(D24)=2026,40000,IF(YEAR(D24)=2027,40000,IF(YEAR(D24)=2028,40000,IF(YEAR(D24)=2029,40000,IF(YEAR(D24)=2030,50000,IF(YEAR(D24)=2031,50000,IF(YEAR(D24)=2032,50000,IF(YEAR(D24)=2033,50000,IF(YEAR(D24)=2034,50000,IF(YEAR(D24)>=2035,60000,0)))))))))))/1000 -> 40 | G24: =KTVTUCOI!P23 -> 0.086433761 | H24: =(H23-F24-G24)*(1+$Q$3) -> -865.39415 | J24: =H24 -> -865.39415
D25: =EDATE(D24,1) -> 46869 | E25: =E24 -> 0 | F25: =IF(YEAR(D25)=2025,40000,IF(YEAR(D25)=2026,40000,IF(YEAR(D25)=2027,40000,IF(YEAR(D25)=2028,40000,IF(YEAR(D25)=2029,40000,IF(YEAR(D25)=2030,50000,IF(YEAR(D25)=2031,50000,IF(YEAR(D25)=2032,50000,IF(YEAR(D25)=2033,50000,IF(YEAR(D25)=2034,50000,IF(YEAR(D25)>=2035,60000,0)))))))))))/1000 -> 40 | G25: =KTVTUCOI!P24 -> 0.090866386 | H25: =(H24-F25-G25)*(1+$Q$3) -> -907.71819 | J25: =H25 -> -907.71819
D26: =EDATE(D25,1) -> 46899 | E26: =E25 -> 0 | F26: =IF(YEAR(D26)=2025,40000,IF(YEAR(D26)=2026,40000,IF(YEAR(D26)=2027,40000,IF(YEAR(D26)=2028,40000,IF(YEAR(D26)=2029,40000,IF(YEAR(D26)=2030,50000,IF(YEAR(D26)=2031,50000,IF(YEAR(D26)=2032,50000,IF(YEAR(D26)=2033,50000,IF(YEAR(D26)=2034,50000,IF(YEAR(D26)>=2035,60000,0)))))))))))/1000 -> 40 | G26: =KTVTUCOI!P25 -> 0.09531041 | H26: =(H25-F26-G26)*(1+$Q$3) -> -950.15107 | J26: =H26 -> -950.15107
